INSERT INTO User (IDUser, Username, FLastName, MLastName, AccessKey) VALUES (1, 'H&#7OlUcdv', 'Consuelo', 'Guarnizo', 'dF)X8N2gFSoM8+ogo+8MoSoMZ');
INSERT INTO User (IDUser, Username, FLastName, MLastName, AccessKey) VALUES (2, '$PG1,7&))d', 'Mateo', 'García', 'vHopFzmsC)6s0Q6YCQmsC)6sR');
INSERT INTO User (IDUser, Username, FLastName, MLastName, AccessKey) VALUES (3, 'xtTgUhvsDB', 'Leonardo', 'Sánchez', 'rHlK0(Z#jcAqAcAqAcAqAcAqj');
INSERT INTO User (IDUser, Username, FLastName, MLastName, AccessKey) VALUES (4, 'ZfyHPFSoMZ', 'Mateo', 'Nieto', 'vHopFzmsC)6s0Q6YCQmsC)6sR');
INSERT INTO User (IDUser, Username, FLastName, MLastName, AccessKey) VALUES (5, 'jk0hlf4cOH', 'María', 'Molina', ',1#pvNk)Y&))&Y)kYYk)Y&))d');
INSERT INTO User (IDUser, Username, FLastName, MLastName, AccessKey) VALUES (6, 'Lh024wmmNj', 'Estefania', 'Sánchez', 'N,gmkOIg$aI&MkI2Wk+&WaI&v');
INSERT INTO User (IDUser, Username, FLastName, MLastName, AccessKey) VALUES (7, 'rHlK0(Z#j$', 'Leonardo', 'Meza', 'rHlK0(Z#jcAqAcAqAcAqAcAqj');
INSERT INTO User (IDUser, Username, FLastName, MLastName, AccessKey) VALUES (8, 'xPGDAXiqPh', 'Consuelo', 'Pino', 'dF)X8N2gFSoM8+ogo+8MoSoMZ');
INSERT INTO User (IDUser, Username, FLastName, MLastName, AccessKey) VALUES (9, 'P+hVkRQs6f', 'Gonzalo', 'Fernández', '5TFj&D66Q0s6)CsmQCY6Q0s6f');
INSERT INTO User (IDUser, Username, FLastName, MLastName, AccessKey) VALUES (10, 'hEfywE9h,l', 'Victoria', 'Revilla', 'FZt&i8Fv36U#ewUCUwe#U6U#(');
INSERT INTO User (IDUser, Username, FLastName, MLastName, AccessKey) VALUES (11, 'WB+fc4qOcV', 'Ania', 'Fonseca', 'wOghiiQGisGGsiGQiiQGisGGJ');
INSERT INTO User (IDUser, Username, FLastName, MLastName, AccessKey) VALUES (12, '7PDjGfWYmB', 'Pedro', 'Ordaz', 'rqzX+XKCemeCK6e0e6KCemeCt');
INSERT INTO User (IDUser, Username, FLastName, MLastName, AccessKey) VALUES (13, '7y&bGdt+2*', 'Leticia', 'Guzmán', 'F6enAlBUwe#U6U#ewUCUwe#UX');
INSERT INTO User (IDUser, Username, FLastName, MLastName, AccessKey) VALUES (14, 'ZjSH*fSkkT', 'Liliana', 'Revilla', '1OE$LtEWy+yWoIyMyIoWy+yWF');
INSERT INTO User (IDUser, Username, FLastName, MLastName, AccessKey) VALUES (15, 'd+(dEd2kkT', 'Pablo', 'Díaz', '$yTlALwEgGSE#uSiguwEgGSEb');
INSERT INTO User (IDUser, Username, FLastName, MLastName, AccessKey) VALUES (16, '22bxB4GSEb', 'Ariana', 'Nieto', 'qwxFJyS2Mu+2ga+EMaS2Mu+2*');
INSERT INTO User (IDUser, Username, FLastName, MLastName, AccessKey) VALUES (17, '918e1roWyh', 'Diego', 'Pino', 'ZjqmVZ#8SUg8w8gUS8#8SUg8N');
INSERT INTO User (IDUser, Username, FLastName, MLastName, AccessKey) VALUES (18, 'G#eaObH)rt', 'Alexander', 'Guarnizo', 'uM&4UvzQxoWy+yWoIyMyIoWyh');
INSERT INTO User (IDUser, Username, FLastName, MLastName, AccessKey) VALUES (19, 'lpTSyGdVBT', 'Victoria', 'López', 'FZt&i8Fv36U#ewUCUwe#U6U#(');
INSERT INTO User (IDUser, Username, FLastName, MLastName, AccessKey) VALUES (20, '9YKV9nXex0', 'Cuauhtemoc', 'Murillo', 'DeC(ntZ&bhs6)CsmQCY6Q0s6f');
INSERT INTO User (IDUser, Username, FLastName, MLastName, AccessKey) VALUES (21, '*4gV1RgyWF', 'Liliana', 'González', '1OE$LtEWy+yWoIyMyIoWy+yWF');
INSERT INTO User (IDUser, Username, FLastName, MLastName, AccessKey) VALUES (22, 'KgTzxiIK0P', 'Ariana', 'Peña', 'qwxFJyS2Mu+2ga+EMaS2Mu+2*');
INSERT INTO User (IDUser, Username, FLastName, MLastName, AccessKey) VALUES (23, 'qp(hBYywil', 'Eduardo', 'Guadarrama', 'Ygxlby2g8w8gUS8#8SUg8w8g3');
INSERT INTO User (IDUser, Username, FLastName, MLastName, AccessKey) VALUES (24, 'tNN9Q*4YmB', 'Gonzalo', 'Valles', '5TFj&D66Q0s6)CsmQCY6Q0s6f');
INSERT INTO User (IDUser, Username, FLastName, MLastName, AccessKey) VALUES (25, 'jKyC+84kZ*', 'Estefania', 'Martínez', 'N,gmkOIg$aI&MkI2Wk+&WaI&v');
INSERT INTO User (IDUser, Username, FLastName, MLastName, AccessKey) VALUES (26, 'D5f$wDy0Kr', 'Pedro', 'Nieto', 'rqzX+XKCemeCK6e0e6KCemeCt');
INSERT INTO User (IDUser, Username, FLastName, MLastName, AccessKey) VALUES (27, '13dfc4qOcV', 'Juan', 'Márquez', '(9VFG#swGCiwQ#i6G#swGCiwz');
INSERT INTO User (IDUser, Username, FLastName, MLastName, AccessKey) VALUES (28, '1t+dLF0s6f', 'María', 'Ordaz', ',1#pvNk)Y&))&Y)kYYk)Y&))d');
INSERT INTO User (IDUser, Username, FLastName, MLastName, AccessKey) VALUES (29, '3S1z4lu&I9', 'Gonzalo', 'Díaz', '5TFj&D66Q0s6)CsmQCY6Q0s6f');
INSERT INTO User (IDUser, Username, FLastName, MLastName, AccessKey) VALUES (30, 'Db2f712kkT', 'Sofía', 'González', 'N*)V5XQGisGGsiGQiiQGisGGJ');

INSERT INTO Device (IDDevice, AccessKey, Place) VALUES (1, '+cER,4ibCwCt,XS8(8bD', 'ShippingRoom');
INSERT INTO Device (IDDevice, AccessKey, Place) VALUES (2, '+cER,4ibCwCt,XS8(8bD', 'ShippingRoom');
INSERT INTO Device (IDDevice, AccessKey, Place) VALUES (3, '+cER,4ibCwCt,XS8(8bD', 'AssemblyRoom');
INSERT INTO Device (IDDevice, AccessKey, Place) VALUES (4, '+cER,4ibCwCt,XS8(8bD', 'DryingRoom');
INSERT INTO Device (IDDevice, AccessKey, Place) VALUES (5, '+cER,4ibCwCt,XS8(8bD', 'ShippingRoom');
INSERT INTO Device (IDDevice, AccessKey, Place) VALUES (6, '+cER,4ibCwCt,XS8(8bD', 'DryingRoom');
INSERT INTO Device (IDDevice, AccessKey, Place) VALUES (7, '+cER,4ibCwCt,XS8(8bD', 'ShippingRoom');
INSERT INTO Device (IDDevice, AccessKey, Place) VALUES (8, '+cER,4ibCwCt,XS8(8bD', 'SawRoom');
INSERT INTO Device (IDDevice, AccessKey, Place) VALUES (9, '+cER,4ibCwCt,XS8(8bD', 'SawRoom');
INSERT INTO Device (IDDevice, AccessKey, Place) VALUES (10, '+cER,4ibCwCt,XS8(8bD', 'ShippingRoom');
INSERT INTO Device (IDDevice, AccessKey, Place) VALUES (11, '+cER,4ibCwCt,XS8(8bD', 'ShippingRoom');
INSERT INTO Device (IDDevice, AccessKey, Place) VALUES (12, '+cER,4ibCwCt,XS8(8bD', 'DryingRoom');
INSERT INTO Device (IDDevice, AccessKey, Place) VALUES (13, '+cER,4ibCwCt,XS8(8bD', 'AssemblyRoom');
INSERT INTO Device (IDDevice, AccessKey, Place) VALUES (14, '+cER,4ibCwCt,XS8(8bD', 'AssemblyRoom');
INSERT INTO Device (IDDevice, AccessKey, Place) VALUES (15, '+cER,4ibCwCt,XS8(8bD', 'SawRoom');

INSERT INTO User_Device (IDUser, IDDevice) VALUES (26, 6);
INSERT INTO User_Device (IDUser, IDDevice) VALUES (11, 9);
INSERT INTO User_Device (IDUser, IDDevice) VALUES (9, 14);
INSERT INTO User_Device (IDUser, IDDevice) VALUES (26, 5);
INSERT INTO User_Device (IDUser, IDDevice) VALUES (1, 12);
INSERT INTO User_Device (IDUser, IDDevice) VALUES (7, 15);
INSERT INTO User_Device (IDUser, IDDevice) VALUES (13, 9);
INSERT INTO User_Device (IDUser, IDDevice) VALUES (7, 6);
INSERT INTO User_Device (IDUser, IDDevice) VALUES (18, 12);
INSERT INTO User_Device (IDUser, IDDevice) VALUES (16, 5);
INSERT INTO User_Device (IDUser, IDDevice) VALUES (6, 4);
INSERT INTO User_Device (IDUser, IDDevice) VALUES (29, 6);
INSERT INTO User_Device (IDUser, IDDevice) VALUES (19, 3);
INSERT INTO User_Device (IDUser, IDDevice) VALUES (5, 13);
INSERT INTO User_Device (IDUser, IDDevice) VALUES (15, 14);
INSERT INTO User_Device (IDUser, IDDevice) VALUES (5, 15);
INSERT INTO User_Device (IDUser, IDDevice) VALUES (10, 4);
INSERT INTO User_Device (IDUser, IDDevice) VALUES (22, 15);
INSERT INTO User_Device (IDUser, IDDevice) VALUES (23, 2);
INSERT INTO User_Device (IDUser, IDDevice) VALUES (25, 8);

INSERT INTO Record (IDRecord, ReadTime, Temperature, Humidity, Ppm, IDDevice) VALUES (1, '2024-11-03 15:44:16', 46, 39, 18, 6);
INSERT INTO Record (IDRecord, ReadTime, Temperature, Humidity, Ppm, IDDevice) VALUES (2, '2024-11-03 15:44:16', 82, 13, 53, 15);
INSERT INTO Record (IDRecord, ReadTime, Temperature, Humidity, Ppm, IDDevice) VALUES (3, '2024-11-03 15:44:16', 13, 7, 15, 11);
INSERT INTO Record (IDRecord, ReadTime, Temperature, Humidity, Ppm, IDDevice) VALUES (4, '2024-11-03 15:44:16', 58, 45, 77, 14);
INSERT INTO Record (IDRecord, ReadTime, Temperature, Humidity, Ppm, IDDevice) VALUES (5, '2024-11-03 15:44:16', 22, 20, 10, 4);
INSERT INTO Record (IDRecord, ReadTime, Temperature, Humidity, Ppm, IDDevice) VALUES (6, '2024-11-03 15:44:16', 0, 93, 91, 7);
INSERT INTO Record (IDRecord, ReadTime, Temperature, Humidity, Ppm, IDDevice) VALUES (7, '2024-11-03 15:44:16', 29, 92, 30, 8);
INSERT INTO Record (IDRecord, ReadTime, Temperature, Humidity, Ppm, IDDevice) VALUES (8, '2024-11-03 15:44:16', 68, 26, 1, 1);
INSERT INTO Record (IDRecord, ReadTime, Temperature, Humidity, Ppm, IDDevice) VALUES (9, '2024-11-03 15:44:16', 43, 16, 47, 2);
INSERT INTO Record (IDRecord, ReadTime, Temperature, Humidity, Ppm, IDDevice) VALUES (10, '2024-11-03 15:44:16', 90, 69, 48, 12);
INSERT INTO Record (IDRecord, ReadTime, Temperature, Humidity, Ppm, IDDevice) VALUES (11, '2024-11-03 15:44:16', 40, 21, 99, 4);
INSERT INTO Record (IDRecord, ReadTime, Temperature, Humidity, Ppm, IDDevice) VALUES (12, '2024-11-03 15:44:16', 28, 74, 37, 5);
INSERT INTO Record (IDRecord, ReadTime, Temperature, Humidity, Ppm, IDDevice) VALUES (13, '2024-11-03 15:44:16', 38, 83, 33, 12);
INSERT INTO Record (IDRecord, ReadTime, Temperature, Humidity, Ppm, IDDevice) VALUES (14, '2024-11-03 15:44:16', 66, 4, 32, 9);
INSERT INTO Record (IDRecord, ReadTime, Temperature, Humidity, Ppm, IDDevice) VALUES (15, '2024-11-03 15:44:16', 79, 5, 1, 6);
INSERT INTO Record (IDRecord, ReadTime, Temperature, Humidity, Ppm, IDDevice) VALUES (16, '2024-11-03 15:44:16', 32, 18, 95, 2);
INSERT INTO Record (IDRecord, ReadTime, Temperature, Humidity, Ppm, IDDevice) VALUES (17, '2024-11-03 15:44:16', 23, 59, 37, 4);
INSERT INTO Record (IDRecord, ReadTime, Temperature, Humidity, Ppm, IDDevice) VALUES (18, '2024-11-03 15:44:16', 23, 83, 55, 13);
INSERT INTO Record (IDRecord, ReadTime, Temperature, Humidity, Ppm, IDDevice) VALUES (19, '2024-11-03 15:44:16', 56, 19, 48, 3);
INSERT INTO Record (IDRecord, ReadTime, Temperature, Humidity, Ppm, IDDevice) VALUES (20, '2024-11-03 15:44:16', 80, 20, 63, 7);
INSERT INTO Record (IDRecord, ReadTime, Temperature, Humidity, Ppm, IDDevice) VALUES (21, '2024-11-03 15:44:16', 44, 28, 69, 5);
INSERT INTO Record (IDRecord, ReadTime, Temperature, Humidity, Ppm, IDDevice) VALUES (22, '2024-11-03 15:44:16', 31, 1, 19, 7);
INSERT INTO Record (IDRecord, ReadTime, Temperature, Humidity, Ppm, IDDevice) VALUES (23, '2024-11-03 15:44:16', 98, 30, 64, 3);
INSERT INTO Record (IDRecord, ReadTime, Temperature, Humidity, Ppm, IDDevice) VALUES (24, '2024-11-03 15:44:16', 1, 95, 90, 12);
INSERT INTO Record (IDRecord, ReadTime, Temperature, Humidity, Ppm, IDDevice) VALUES (25, '2024-11-03 15:44:16', 57, 83, 26, 12);
INSERT INTO Record (IDRecord, ReadTime, Temperature, Humidity, Ppm, IDDevice) VALUES (26, '2024-11-03 15:44:16', 7, 57, 56, 7);
INSERT INTO Record (IDRecord, ReadTime, Temperature, Humidity, Ppm, IDDevice) VALUES (27, '2024-11-03 15:44:16', 4, 60, 36, 15);
INSERT INTO Record (IDRecord, ReadTime, Temperature, Humidity, Ppm, IDDevice) VALUES (28, '2024-11-03 15:44:16', 93, 86, 61, 8);
INSERT INTO Record (IDRecord, ReadTime, Temperature, Humidity, Ppm, IDDevice) VALUES (29, '2024-11-03 15:44:16', 44, 18, 0, 14);
INSERT INTO Record (IDRecord, ReadTime, Temperature, Humidity, Ppm, IDDevice) VALUES (30, '2024-11-03 15:44:16', 55, 53, 77, 7);
INSERT INTO Record (IDRecord, ReadTime, Temperature, Humidity, Ppm, IDDevice) VALUES (31, '2024-11-03 15:44:16', 82, 86, 88, 10);
INSERT INTO Record (IDRecord, ReadTime, Temperature, Humidity, Ppm, IDDevice) VALUES (32, '2024-11-03 15:44:16', 68, 13, 78, 6);
INSERT INTO Record (IDRecord, ReadTime, Temperature, Humidity, Ppm, IDDevice) VALUES (33, '2024-11-03 15:44:16', 22, 62, 33, 6);
INSERT INTO Record (IDRecord, ReadTime, Temperature, Humidity, Ppm, IDDevice) VALUES (34, '2024-11-03 15:44:16', 94, 89, 41, 8);
INSERT INTO Record (IDRecord, ReadTime, Temperature, Humidity, Ppm, IDDevice) VALUES (35, '2024-11-03 15:44:16', 69, 93, 92, 12);
INSERT INTO Record (IDRecord, ReadTime, Temperature, Humidity, Ppm, IDDevice) VALUES (36, '2024-11-03 15:44:16', 71, 46, 37, 2);
INSERT INTO Record (IDRecord, ReadTime, Temperature, Humidity, Ppm, IDDevice) VALUES (37, '2024-11-03 15:44:16', 56, 35, 17, 10);
INSERT INTO Record (IDRecord, ReadTime, Temperature, Humidity, Ppm, IDDevice) VALUES (38, '2024-11-03 15:44:16', 20, 27, 86, 11);
INSERT INTO Record (IDRecord, ReadTime, Temperature, Humidity, Ppm, IDDevice) VALUES (39, '2024-11-03 15:44:16', 70, 14, 23, 3);
INSERT INTO Record (IDRecord, ReadTime, Temperature, Humidity, Ppm, IDDevice) VALUES (40, '2024-11-03 15:44:16', 84, 28, 79, 11);
INSERT INTO Record (IDRecord, ReadTime, Temperature, Humidity, Ppm, IDDevice) VALUES (41, '2024-11-03 15:44:16', 38, 50, 21, 13);
INSERT INTO Record (IDRecord, ReadTime, Temperature, Humidity, Ppm, IDDevice) VALUES (42, '2024-11-03 15:44:16', 29, 52, 93, 3);
INSERT INTO Record (IDRecord, ReadTime, Temperature, Humidity, Ppm, IDDevice) VALUES (43, '2024-11-03 15:44:16', 10, 50, 25, 6);
INSERT INTO Record (IDRecord, ReadTime, Temperature, Humidity, Ppm, IDDevice) VALUES (44, '2024-11-03 15:44:16', 11, 10, 30, 12);
INSERT INTO Record (IDRecord, ReadTime, Temperature, Humidity, Ppm, IDDevice) VALUES (45, '2024-11-03 15:44:16', 1, 77, 59, 11);
INSERT INTO Record (IDRecord, ReadTime, Temperature, Humidity, Ppm, IDDevice) VALUES (46, '2024-11-03 15:44:16', 96, 33, 34, 4);
INSERT INTO Record (IDRecord, ReadTime, Temperature, Humidity, Ppm, IDDevice) VALUES (47, '2024-11-03 15:44:16', 6, 74, 35, 2);
INSERT INTO Record (IDRecord, ReadTime, Temperature, Humidity, Ppm, IDDevice) VALUES (48, '2024-11-03 15:44:16', 22, 3, 50, 14);
INSERT INTO Record (IDRecord, ReadTime, Temperature, Humidity, Ppm, IDDevice) VALUES (49, '2024-11-03 15:44:16', 64, 28, 8, 5);
INSERT INTO Record (IDRecord, ReadTime, Temperature, Humidity, Ppm, IDDevice) VALUES (50, '2024-11-03 15:44:16', 48, 22, 60, 1);
INSERT INTO Record (IDRecord, ReadTime, Temperature, Humidity, Ppm, IDDevice) VALUES (51, '2024-11-03 15:44:16', 24, 19, 21, 15);
INSERT INTO Record (IDRecord, ReadTime, Temperature, Humidity, Ppm, IDDevice) VALUES (52, '2024-11-03 15:44:16', 65, 91, 44, 14);
INSERT INTO Record (IDRecord, ReadTime, Temperature, Humidity, Ppm, IDDevice) VALUES (53, '2024-11-03 15:44:16', 10, 33, 52, 3);
INSERT INTO Record (IDRecord, ReadTime, Temperature, Humidity, Ppm, IDDevice) VALUES (54, '2024-11-03 15:44:16', 47, 13, 70, 13);
INSERT INTO Record (IDRecord, ReadTime, Temperature, Humidity, Ppm, IDDevice) VALUES (55, '2024-11-03 15:44:16', 43, 46, 38, 6);
INSERT INTO Record (IDRecord, ReadTime, Temperature, Humidity, Ppm, IDDevice) VALUES (56, '2024-11-03 15:44:16', 14, 4, 77, 6);
INSERT INTO Record (IDRecord, ReadTime, Temperature, Humidity, Ppm, IDDevice) VALUES (57, '2024-11-03 15:44:16', 32, 92, 61, 2);
INSERT INTO Record (IDRecord, ReadTime, Temperature, Humidity, Ppm, IDDevice) VALUES (58, '2024-11-03 15:44:16', 6, 75, 94, 6);
INSERT INTO Record (IDRecord, ReadTime, Temperature, Humidity, Ppm, IDDevice) VALUES (59, '2024-11-03 15:44:16', 50, 72, 58, 4);
INSERT INTO Record (IDRecord, ReadTime, Temperature, Humidity, Ppm, IDDevice) VALUES (60, '2024-11-03 15:44:16', 45, 36, 15, 1);
INSERT INTO Record (IDRecord, ReadTime, Temperature, Humidity, Ppm, IDDevice) VALUES (61, '2024-11-03 15:44:16', 84, 11, 35, 8);
INSERT INTO Record (IDRecord, ReadTime, Temperature, Humidity, Ppm, IDDevice) VALUES (62, '2024-11-03 15:44:16', 26, 13, 40, 14);
INSERT INTO Record (IDRecord, ReadTime, Temperature, Humidity, Ppm, IDDevice) VALUES (63, '2024-11-03 15:44:16', 73, 30, 98, 15);
INSERT INTO Record (IDRecord, ReadTime, Temperature, Humidity, Ppm, IDDevice) VALUES (64, '2024-11-03 15:44:16', 15, 29, 78, 3);
INSERT INTO Record (IDRecord, ReadTime, Temperature, Humidity, Ppm, IDDevice) VALUES (65, '2024-11-03 15:44:16', 51, 26, 56, 2);
INSERT INTO Record (IDRecord, ReadTime, Temperature, Humidity, Ppm, IDDevice) VALUES (66, '2024-11-03 15:44:16', 20, 27, 7, 3);
INSERT INTO Record (IDRecord, ReadTime, Temperature, Humidity, Ppm, IDDevice) VALUES (67, '2024-11-03 15:44:16', 69, 68, 55, 3);
INSERT INTO Record (IDRecord, ReadTime, Temperature, Humidity, Ppm, IDDevice) VALUES (68, '2024-11-03 15:44:16', 13, 35, 11, 15);
INSERT INTO Record (IDRecord, ReadTime, Temperature, Humidity, Ppm, IDDevice) VALUES (69, '2024-11-03 15:44:16', 2, 71, 28, 11);
INSERT INTO Record (IDRecord, ReadTime, Temperature, Humidity, Ppm, IDDevice) VALUES (70, '2024-11-03 15:44:16', 44, 46, 94, 3);
INSERT INTO Record (IDRecord, ReadTime, Temperature, Humidity, Ppm, IDDevice) VALUES (71, '2024-11-03 15:44:16', 31, 77, 26, 13);
INSERT INTO Record (IDRecord, ReadTime, Temperature, Humidity, Ppm, IDDevice) VALUES (72, '2024-11-03 15:44:16', 69, 51, 71, 6);
INSERT INTO Record (IDRecord, ReadTime, Temperature, Humidity, Ppm, IDDevice) VALUES (73, '2024-11-03 15:44:16', 1, 34, 93, 10);
INSERT INTO Record (IDRecord, ReadTime, Temperature, Humidity, Ppm, IDDevice) VALUES (74, '2024-11-03 15:44:16', 61, 93, 15, 9);
INSERT INTO Record (IDRecord, ReadTime, Temperature, Humidity, Ppm, IDDevice) VALUES (75, '2024-11-03 15:44:16', 69, 21, 83, 7);
INSERT INTO Record (IDRecord, ReadTime, Temperature, Humidity, Ppm, IDDevice) VALUES (76, '2024-11-03 15:44:16', 32, 42, 0, 3);
INSERT INTO Record (IDRecord, ReadTime, Temperature, Humidity, Ppm, IDDevice) VALUES (77, '2024-11-03 15:44:16', 50, 24, 71, 1);
INSERT INTO Record (IDRecord, ReadTime, Temperature, Humidity, Ppm, IDDevice) VALUES (78, '2024-11-03 15:44:16', 2, 35, 10, 1);
INSERT INTO Record (IDRecord, ReadTime, Temperature, Humidity, Ppm, IDDevice) VALUES (79, '2024-11-03 15:44:16', 22, 28, 85, 8);
INSERT INTO Record (IDRecord, ReadTime, Temperature, Humidity, Ppm, IDDevice) VALUES (80, '2024-11-03 15:44:16', 50, 42, 74, 2);
INSERT INTO Record (IDRecord, ReadTime, Temperature, Humidity, Ppm, IDDevice) VALUES (81, '2024-11-03 15:44:16', 37, 3, 48, 15);
INSERT INTO Record (IDRecord, ReadTime, Temperature, Humidity, Ppm, IDDevice) VALUES (82, '2024-11-03 15:44:16', 94, 62, 62, 6);
INSERT INTO Record (IDRecord, ReadTime, Temperature, Humidity, Ppm, IDDevice) VALUES (83, '2024-11-03 15:44:16', 9, 29, 96, 7);
INSERT INTO Record (IDRecord, ReadTime, Temperature, Humidity, Ppm, IDDevice) VALUES (84, '2024-11-03 15:44:16', 16, 14, 82, 11);
INSERT INTO Record (IDRecord, ReadTime, Temperature, Humidity, Ppm, IDDevice) VALUES (85, '2024-11-03 15:44:16', 84, 40, 48, 1);
INSERT INTO Record (IDRecord, ReadTime, Temperature, Humidity, Ppm, IDDevice) VALUES (86, '2024-11-03 15:44:16', 60, 35, 2, 3);
INSERT INTO Record (IDRecord, ReadTime, Temperature, Humidity, Ppm, IDDevice) VALUES (87, '2024-11-03 15:44:16', 30, 75, 21, 9);
INSERT INTO Record (IDRecord, ReadTime, Temperature, Humidity, Ppm, IDDevice) VALUES (88, '2024-11-03 15:44:16', 47, 81, 37, 7);
INSERT INTO Record (IDRecord, ReadTime, Temperature, Humidity, Ppm, IDDevice) VALUES (89, '2024-11-03 15:44:16', 88, 47, 49, 11);
INSERT INTO Record (IDRecord, ReadTime, Temperature, Humidity, Ppm, IDDevice) VALUES (90, '2024-11-03 15:44:16', 6, 58, 28, 12);
INSERT INTO Record (IDRecord, ReadTime, Temperature, Humidity, Ppm, IDDevice) VALUES (91, '2024-11-03 15:44:16', 58, 77, 61, 11);
INSERT INTO Record (IDRecord, ReadTime, Temperature, Humidity, Ppm, IDDevice) VALUES (92, '2024-11-03 15:44:16', 1, 83, 89, 1);
INSERT INTO Record (IDRecord, ReadTime, Temperature, Humidity, Ppm, IDDevice) VALUES (93, '2024-11-03 15:44:16', 5, 37, 27, 7);
INSERT INTO Record (IDRecord, ReadTime, Temperature, Humidity, Ppm, IDDevice) VALUES (94, '2024-11-03 15:44:16', 65, 69, 13, 3);
INSERT INTO Record (IDRecord, ReadTime, Temperature, Humidity, Ppm, IDDevice) VALUES (95, '2024-11-03 15:44:16', 42, 62, 57, 9);
INSERT INTO Record (IDRecord, ReadTime, Temperature, Humidity, Ppm, IDDevice) VALUES (96, '2024-11-03 15:44:16', 15, 82, 6, 11);
INSERT INTO Record (IDRecord, ReadTime, Temperature, Humidity, Ppm, IDDevice) VALUES (97, '2024-11-03 15:44:16', 25, 92, 72, 3);
INSERT INTO Record (IDRecord, ReadTime, Temperature, Humidity, Ppm, IDDevice) VALUES (98, '2024-11-03 15:44:16', 74, 73, 89, 15);
INSERT INTO Record (IDRecord, ReadTime, Temperature, Humidity, Ppm, IDDevice) VALUES (99, '2024-11-03 15:44:16', 59, 72, 98, 1);
INSERT INTO Record (IDRecord, ReadTime, Temperature, Humidity, Ppm, IDDevice) VALUES (100, '2024-11-03 15:44:16', 21, 45, 85, 11);
INSERT INTO Record (IDRecord, ReadTime, Temperature, Humidity, Ppm, IDDevice) VALUES (101, '2024-11-03 15:44:16', 53, 20, 60, 9);
INSERT INTO Record (IDRecord, ReadTime, Temperature, Humidity, Ppm, IDDevice) VALUES (102, '2024-11-03 15:44:16', 58, 35, 86, 11);
INSERT INTO Record (IDRecord, ReadTime, Temperature, Humidity, Ppm, IDDevice) VALUES (103, '2024-11-03 15:44:16', 54, 57, 5, 2);
INSERT INTO Record (IDRecord, ReadTime, Temperature, Humidity, Ppm, IDDevice) VALUES (104, '2024-11-03 15:44:16', 60, 59, 64, 7);
INSERT INTO Record (IDRecord, ReadTime, Temperature, Humidity, Ppm, IDDevice) VALUES (105, '2024-11-03 15:44:16', 57, 22, 9, 6);
INSERT INTO Record (IDRecord, ReadTime, Temperature, Humidity, Ppm, IDDevice) VALUES (106, '2024-11-03 15:44:16', 2, 39, 53, 14);
INSERT INTO Record (IDRecord, ReadTime, Temperature, Humidity, Ppm, IDDevice) VALUES (107, '2024-11-03 15:44:16', 61, 72, 39, 15);
INSERT INTO Record (IDRecord, ReadTime, Temperature, Humidity, Ppm, IDDevice) VALUES (108, '2024-11-03 15:44:16', 93, 4, 35, 9);
INSERT INTO Record (IDRecord, ReadTime, Temperature, Humidity, Ppm, IDDevice) VALUES (109, '2024-11-03 15:44:16', 75, 17, 48, 10);
INSERT INTO Record (IDRecord, ReadTime, Temperature, Humidity, Ppm, IDDevice) VALUES (110, '2024-11-03 15:44:16', 70, 95, 31, 7);
INSERT INTO Record (IDRecord, ReadTime, Temperature, Humidity, Ppm, IDDevice) VALUES (111, '2024-11-03 15:44:16', 3, 75, 53, 9);
INSERT INTO Record (IDRecord, ReadTime, Temperature, Humidity, Ppm, IDDevice) VALUES (112, '2024-11-03 15:44:16', 82, 33, 23, 15);
INSERT INTO Record (IDRecord, ReadTime, Temperature, Humidity, Ppm, IDDevice) VALUES (113, '2024-11-03 15:44:16', 36, 7, 69, 15);
INSERT INTO Record (IDRecord, ReadTime, Temperature, Humidity, Ppm, IDDevice) VALUES (114, '2024-11-03 15:44:16', 81, 87, 33, 6);
INSERT INTO Record (IDRecord, ReadTime, Temperature, Humidity, Ppm, IDDevice) VALUES (115, '2024-11-03 15:44:16', 87, 55, 0, 10);
INSERT INTO Record (IDRecord, ReadTime, Temperature, Humidity, Ppm, IDDevice) VALUES (116, '2024-11-03 15:44:16', 63, 27, 65, 7);
INSERT INTO Record (IDRecord, ReadTime, Temperature, Humidity, Ppm, IDDevice) VALUES (117, '2024-11-03 15:44:16', 60, 39, 37, 12);
INSERT INTO Record (IDRecord, ReadTime, Temperature, Humidity, Ppm, IDDevice) VALUES (118, '2024-11-03 15:44:16', 54, 18, 23, 12);
INSERT INTO Record (IDRecord, ReadTime, Temperature, Humidity, Ppm, IDDevice) VALUES (119, '2024-11-03 15:44:16', 1, 58, 77, 15);
INSERT INTO Record (IDRecord, ReadTime, Temperature, Humidity, Ppm, IDDevice) VALUES (120, '2024-11-03 15:44:16', 70, 28, 27, 3);
INSERT INTO Record (IDRecord, ReadTime, Temperature, Humidity, Ppm, IDDevice) VALUES (121, '2024-11-03 15:44:16', 85, 2, 6, 15);
INSERT INTO Record (IDRecord, ReadTime, Temperature, Humidity, Ppm, IDDevice) VALUES (122, '2024-11-03 15:44:16', 60, 55, 99, 2);
INSERT INTO Record (IDRecord, ReadTime, Temperature, Humidity, Ppm, IDDevice) VALUES (123, '2024-11-03 15:44:16', 2, 19, 45, 8);
INSERT INTO Record (IDRecord, ReadTime, Temperature, Humidity, Ppm, IDDevice) VALUES (124, '2024-11-03 15:44:16', 67, 59, 72, 4);
INSERT INTO Record (IDRecord, ReadTime, Temperature, Humidity, Ppm, IDDevice) VALUES (125, '2024-11-03 15:44:16', 35, 52, 92, 3);
INSERT INTO Record (IDRecord, ReadTime, Temperature, Humidity, Ppm, IDDevice) VALUES (126, '2024-11-03 15:44:16', 90, 7, 34, 13);
INSERT INTO Record (IDRecord, ReadTime, Temperature, Humidity, Ppm, IDDevice) VALUES (127, '2024-11-03 15:44:16', 63, 60, 65, 15);
INSERT INTO Record (IDRecord, ReadTime, Temperature, Humidity, Ppm, IDDevice) VALUES (128, '2024-11-03 15:44:16', 4, 35, 88, 5);
INSERT INTO Record (IDRecord, ReadTime, Temperature, Humidity, Ppm, IDDevice) VALUES (129, '2024-11-03 15:44:16', 4, 14, 93, 5);
INSERT INTO Record (IDRecord, ReadTime, Temperature, Humidity, Ppm, IDDevice) VALUES (130, '2024-11-03 15:44:16', 46, 81, 25, 6);
INSERT INTO Record (IDRecord, ReadTime, Temperature, Humidity, Ppm, IDDevice) VALUES (131, '2024-11-03 15:44:16', 45, 82, 54, 9);
INSERT INTO Record (IDRecord, ReadTime, Temperature, Humidity, Ppm, IDDevice) VALUES (132, '2024-11-03 15:44:16', 61, 76, 17, 2);
INSERT INTO Record (IDRecord, ReadTime, Temperature, Humidity, Ppm, IDDevice) VALUES (133, '2024-11-03 15:44:16', 69, 74, 94, 6);
INSERT INTO Record (IDRecord, ReadTime, Temperature, Humidity, Ppm, IDDevice) VALUES (134, '2024-11-03 15:44:16', 13, 40, 36, 7);
INSERT INTO Record (IDRecord, ReadTime, Temperature, Humidity, Ppm, IDDevice) VALUES (135, '2024-11-03 15:44:16', 50, 94, 21, 2);
INSERT INTO Record (IDRecord, ReadTime, Temperature, Humidity, Ppm, IDDevice) VALUES (136, '2024-11-03 15:44:16', 23, 52, 82, 2);
INSERT INTO Record (IDRecord, ReadTime, Temperature, Humidity, Ppm, IDDevice) VALUES (137, '2024-11-03 15:44:16', 67, 8, 19, 7);
INSERT INTO Record (IDRecord, ReadTime, Temperature, Humidity, Ppm, IDDevice) VALUES (138, '2024-11-03 15:44:16', 72, 41, 49, 12);
INSERT INTO Record (IDRecord, ReadTime, Temperature, Humidity, Ppm, IDDevice) VALUES (139, '2024-11-03 15:44:16', 94, 80, 23, 3);
INSERT INTO Record (IDRecord, ReadTime, Temperature, Humidity, Ppm, IDDevice) VALUES (140, '2024-11-03 15:44:16', 96, 94, 22, 5);
INSERT INTO Record (IDRecord, ReadTime, Temperature, Humidity, Ppm, IDDevice) VALUES (141, '2024-11-03 15:44:16', 74, 78, 5, 14);
INSERT INTO Record (IDRecord, ReadTime, Temperature, Humidity, Ppm, IDDevice) VALUES (142, '2024-11-03 15:44:16', 15, 91, 37, 8);
INSERT INTO Record (IDRecord, ReadTime, Temperature, Humidity, Ppm, IDDevice) VALUES (143, '2024-11-03 15:44:16', 25, 91, 34, 1);
INSERT INTO Record (IDRecord, ReadTime, Temperature, Humidity, Ppm, IDDevice) VALUES (144, '2024-11-03 15:44:16', 20, 41, 17, 11);
INSERT INTO Record (IDRecord, ReadTime, Temperature, Humidity, Ppm, IDDevice) VALUES (145, '2024-11-03 15:44:16', 19, 64, 18, 6);
INSERT INTO Record (IDRecord, ReadTime, Temperature, Humidity, Ppm, IDDevice) VALUES (146, '2024-11-03 15:44:16', 25, 81, 77, 7);
INSERT INTO Record (IDRecord, ReadTime, Temperature, Humidity, Ppm, IDDevice) VALUES (147, '2024-11-03 15:44:16', 2, 7, 65, 5);
INSERT INTO Record (IDRecord, ReadTime, Temperature, Humidity, Ppm, IDDevice) VALUES (148, '2024-11-03 15:44:16', 12, 61, 17, 1);
INSERT INTO Record (IDRecord, ReadTime, Temperature, Humidity, Ppm, IDDevice) VALUES (149, '2024-11-03 15:44:16', 65, 88, 35, 5);
INSERT INTO Record (IDRecord, ReadTime, Temperature, Humidity, Ppm, IDDevice) VALUES (150, '2024-11-03 15:44:16', 82, 9, 37, 6);
INSERT INTO Record (IDRecord, ReadTime, Temperature, Humidity, Ppm, IDDevice) VALUES (151, '2024-11-03 15:44:16', 65, 1, 38, 9);
INSERT INTO Record (IDRecord, ReadTime, Temperature, Humidity, Ppm, IDDevice) VALUES (152, '2024-11-03 15:44:16', 82, 75, 1, 6);
INSERT INTO Record (IDRecord, ReadTime, Temperature, Humidity, Ppm, IDDevice) VALUES (153, '2024-11-03 15:44:16', 15, 82, 12, 3);
INSERT INTO Record (IDRecord, ReadTime, Temperature, Humidity, Ppm, IDDevice) VALUES (154, '2024-11-03 15:44:16', 50, 16, 11, 15);
INSERT INTO Record (IDRecord, ReadTime, Temperature, Humidity, Ppm, IDDevice) VALUES (155, '2024-11-03 15:44:16', 27, 37, 38, 4);
INSERT INTO Record (IDRecord, ReadTime, Temperature, Humidity, Ppm, IDDevice) VALUES (156, '2024-11-03 15:44:16', 74, 64, 21, 14);
INSERT INTO Record (IDRecord, ReadTime, Temperature, Humidity, Ppm, IDDevice) VALUES (157, '2024-11-03 15:44:16', 66, 15, 10, 14);
INSERT INTO Record (IDRecord, ReadTime, Temperature, Humidity, Ppm, IDDevice) VALUES (158, '2024-11-03 15:44:16', 19, 10, 40, 14);
INSERT INTO Record (IDRecord, ReadTime, Temperature, Humidity, Ppm, IDDevice) VALUES (159, '2024-11-03 15:44:16', 14, 62, 18, 12);
INSERT INTO Record (IDRecord, ReadTime, Temperature, Humidity, Ppm, IDDevice) VALUES (160, '2024-11-03 15:44:16', 18, 90, 42, 10);
INSERT INTO Record (IDRecord, ReadTime, Temperature, Humidity, Ppm, IDDevice) VALUES (161, '2024-11-03 15:44:16', 16, 85, 68, 7);
INSERT INTO Record (IDRecord, ReadTime, Temperature, Humidity, Ppm, IDDevice) VALUES (162, '2024-11-03 15:44:16', 50, 97, 21, 6);
INSERT INTO Record (IDRecord, ReadTime, Temperature, Humidity, Ppm, IDDevice) VALUES (163, '2024-11-03 15:44:16', 73, 36, 52, 5);
INSERT INTO Record (IDRecord, ReadTime, Temperature, Humidity, Ppm, IDDevice) VALUES (164, '2024-11-03 15:44:16', 2, 29, 94, 14);
INSERT INTO Record (IDRecord, ReadTime, Temperature, Humidity, Ppm, IDDevice) VALUES (165, '2024-11-03 15:44:16', 10, 57, 76, 12);
INSERT INTO Record (IDRecord, ReadTime, Temperature, Humidity, Ppm, IDDevice) VALUES (166, '2024-11-03 15:44:16', 93, 14, 83, 12);
INSERT INTO Record (IDRecord, ReadTime, Temperature, Humidity, Ppm, IDDevice) VALUES (167, '2024-11-03 15:44:16', 27, 63, 75, 7);
INSERT INTO Record (IDRecord, ReadTime, Temperature, Humidity, Ppm, IDDevice) VALUES (168, '2024-11-03 15:44:16', 59, 62, 44, 2);
INSERT INTO Record (IDRecord, ReadTime, Temperature, Humidity, Ppm, IDDevice) VALUES (169, '2024-11-03 15:44:16', 57, 15, 1, 11);
INSERT INTO Record (IDRecord, ReadTime, Temperature, Humidity, Ppm, IDDevice) VALUES (170, '2024-11-03 15:44:16', 55, 81, 74, 2);
INSERT INTO Record (IDRecord, ReadTime, Temperature, Humidity, Ppm, IDDevice) VALUES (171, '2024-11-03 15:44:16', 47, 86, 33, 2);
INSERT INTO Record (IDRecord, ReadTime, Temperature, Humidity, Ppm, IDDevice) VALUES (172, '2024-11-03 15:44:16', 75, 46, 87, 11);
INSERT INTO Record (IDRecord, ReadTime, Temperature, Humidity, Ppm, IDDevice) VALUES (173, '2024-11-03 15:44:16', 37, 32, 88, 2);
INSERT INTO Record (IDRecord, ReadTime, Temperature, Humidity, Ppm, IDDevice) VALUES (174, '2024-11-03 15:44:16', 57, 76, 64, 12);
INSERT INTO Record (IDRecord, ReadTime, Temperature, Humidity, Ppm, IDDevice) VALUES (175, '2024-11-03 15:44:16', 0, 48, 91, 8);
INSERT INTO Record (IDRecord, ReadTime, Temperature, Humidity, Ppm, IDDevice) VALUES (176, '2024-11-03 15:44:16', 66, 2, 80, 11);
INSERT INTO Record (IDRecord, ReadTime, Temperature, Humidity, Ppm, IDDevice) VALUES (177, '2024-11-03 15:44:16', 48, 98, 45, 6);
INSERT INTO Record (IDRecord, ReadTime, Temperature, Humidity, Ppm, IDDevice) VALUES (178, '2024-11-03 15:44:16', 78, 24, 2, 2);
INSERT INTO Record (IDRecord, ReadTime, Temperature, Humidity, Ppm, IDDevice) VALUES (179, '2024-11-03 15:44:16', 62, 24, 87, 1);
INSERT INTO Record (IDRecord, ReadTime, Temperature, Humidity, Ppm, IDDevice) VALUES (180, '2024-11-03 15:44:16', 30, 80, 58, 3);
INSERT INTO Record (IDRecord, ReadTime, Temperature, Humidity, Ppm, IDDevice) VALUES (181, '2024-11-03 15:44:16', 90, 77, 54, 14);
INSERT INTO Record (IDRecord, ReadTime, Temperature, Humidity, Ppm, IDDevice) VALUES (182, '2024-11-03 15:44:16', 94, 26, 84, 6);
INSERT INTO Record (IDRecord, ReadTime, Temperature, Humidity, Ppm, IDDevice) VALUES (183, '2024-11-03 15:44:16', 66, 81, 0, 2);
INSERT INTO Record (IDRecord, ReadTime, Temperature, Humidity, Ppm, IDDevice) VALUES (184, '2024-11-03 15:44:16', 19, 23, 84, 6);
INSERT INTO Record (IDRecord, ReadTime, Temperature, Humidity, Ppm, IDDevice) VALUES (185, '2024-11-03 15:44:16', 5, 47, 15, 6);
INSERT INTO Record (IDRecord, ReadTime, Temperature, Humidity, Ppm, IDDevice) VALUES (186, '2024-11-03 15:44:16', 29, 90, 73, 5);
INSERT INTO Record (IDRecord, ReadTime, Temperature, Humidity, Ppm, IDDevice) VALUES (187, '2024-11-03 15:44:16', 78, 73, 4, 9);
INSERT INTO Record (IDRecord, ReadTime, Temperature, Humidity, Ppm, IDDevice) VALUES (188, '2024-11-03 15:44:16', 58, 30, 90, 12);
INSERT INTO Record (IDRecord, ReadTime, Temperature, Humidity, Ppm, IDDevice) VALUES (189, '2024-11-03 15:44:16', 58, 84, 30, 10);
INSERT INTO Record (IDRecord, ReadTime, Temperature, Humidity, Ppm, IDDevice) VALUES (190, '2024-11-03 15:44:16', 38, 58, 8, 6);
INSERT INTO Record (IDRecord, ReadTime, Temperature, Humidity, Ppm, IDDevice) VALUES (191, '2024-11-03 15:44:16', 5, 10, 81, 3);
INSERT INTO Record (IDRecord, ReadTime, Temperature, Humidity, Ppm, IDDevice) VALUES (192, '2024-11-03 15:44:16', 89, 14, 93, 9);
INSERT INTO Record (IDRecord, ReadTime, Temperature, Humidity, Ppm, IDDevice) VALUES (193, '2024-11-03 15:44:16', 85, 98, 75, 7);
INSERT INTO Record (IDRecord, ReadTime, Temperature, Humidity, Ppm, IDDevice) VALUES (194, '2024-11-03 15:44:16', 8, 7, 51, 1);
INSERT INTO Record (IDRecord, ReadTime, Temperature, Humidity, Ppm, IDDevice) VALUES (195, '2024-11-03 15:44:16', 54, 11, 90, 6);
INSERT INTO Record (IDRecord, ReadTime, Temperature, Humidity, Ppm, IDDevice) VALUES (196, '2024-11-03 15:44:16', 12, 66, 71, 6);
INSERT INTO Record (IDRecord, ReadTime, Temperature, Humidity, Ppm, IDDevice) VALUES (197, '2024-11-03 15:44:16', 37, 61, 87, 5);
INSERT INTO Record (IDRecord, ReadTime, Temperature, Humidity, Ppm, IDDevice) VALUES (198, '2024-11-03 15:44:16', 49, 37, 98, 13);
INSERT INTO Record (IDRecord, ReadTime, Temperature, Humidity, Ppm, IDDevice) VALUES (199, '2024-11-03 15:44:16', 64, 38, 29, 12);
INSERT INTO Record (IDRecord, ReadTime, Temperature, Humidity, Ppm, IDDevice) VALUES (200, '2024-11-03 15:44:16', 73, 57, 44, 11);
INSERT INTO Record (IDRecord, ReadTime, Temperature, Humidity, Ppm, IDDevice) VALUES (201, '2024-11-03 15:44:16', 20, 2, 37, 10);
INSERT INTO Record (IDRecord, ReadTime, Temperature, Humidity, Ppm, IDDevice) VALUES (202, '2024-11-03 15:44:16', 2, 42, 32, 15);
INSERT INTO Record (IDRecord, ReadTime, Temperature, Humidity, Ppm, IDDevice) VALUES (203, '2024-11-03 15:44:16', 62, 64, 32, 8);
INSERT INTO Record (IDRecord, ReadTime, Temperature, Humidity, Ppm, IDDevice) VALUES (204, '2024-11-03 15:44:16', 31, 26, 17, 14);
INSERT INTO Record (IDRecord, ReadTime, Temperature, Humidity, Ppm, IDDevice) VALUES (205, '2024-11-03 15:44:16', 57, 71, 79, 13);
INSERT INTO Record (IDRecord, ReadTime, Temperature, Humidity, Ppm, IDDevice) VALUES (206, '2024-11-03 15:44:16', 48, 67, 88, 2);
INSERT INTO Record (IDRecord, ReadTime, Temperature, Humidity, Ppm, IDDevice) VALUES (207, '2024-11-03 15:44:16', 68, 22, 58, 2);
INSERT INTO Record (IDRecord, ReadTime, Temperature, Humidity, Ppm, IDDevice) VALUES (208, '2024-11-03 15:44:16', 22, 12, 0, 1);
INSERT INTO Record (IDRecord, ReadTime, Temperature, Humidity, Ppm, IDDevice) VALUES (209, '2024-11-03 15:44:16', 49, 1, 29, 14);
INSERT INTO Record (IDRecord, ReadTime, Temperature, Humidity, Ppm, IDDevice) VALUES (210, '2024-11-03 15:44:16', 92, 36, 80, 15);
INSERT INTO Record (IDRecord, ReadTime, Temperature, Humidity, Ppm, IDDevice) VALUES (211, '2024-11-03 15:44:16', 79, 49, 65, 15);
INSERT INTO Record (IDRecord, ReadTime, Temperature, Humidity, Ppm, IDDevice) VALUES (212, '2024-11-03 15:44:16', 16, 19, 12, 9);
INSERT INTO Record (IDRecord, ReadTime, Temperature, Humidity, Ppm, IDDevice) VALUES (213, '2024-11-03 15:44:16', 97, 99, 10, 1);
INSERT INTO Record (IDRecord, ReadTime, Temperature, Humidity, Ppm, IDDevice) VALUES (214, '2024-11-03 15:44:16', 75, 19, 36, 5);
INSERT INTO Record (IDRecord, ReadTime, Temperature, Humidity, Ppm, IDDevice) VALUES (215, '2024-11-03 15:44:16', 49, 70, 95, 4);
INSERT INTO Record (IDRecord, ReadTime, Temperature, Humidity, Ppm, IDDevice) VALUES (216, '2024-11-03 15:44:16', 49, 73, 96, 5);
INSERT INTO Record (IDRecord, ReadTime, Temperature, Humidity, Ppm, IDDevice) VALUES (217, '2024-11-03 15:44:16', 49, 53, 63, 13);
INSERT INTO Record (IDRecord, ReadTime, Temperature, Humidity, Ppm, IDDevice) VALUES (218, '2024-11-03 15:44:16', 50, 25, 55, 11);
INSERT INTO Record (IDRecord, ReadTime, Temperature, Humidity, Ppm, IDDevice) VALUES (219, '2024-11-03 15:44:16', 93, 2, 43, 2);
INSERT INTO Record (IDRecord, ReadTime, Temperature, Humidity, Ppm, IDDevice) VALUES (220, '2024-11-03 15:44:16', 55, 57, 36, 3);
INSERT INTO Record (IDRecord, ReadTime, Temperature, Humidity, Ppm, IDDevice) VALUES (221, '2024-11-03 15:44:16', 39, 82, 30, 4);
INSERT INTO Record (IDRecord, ReadTime, Temperature, Humidity, Ppm, IDDevice) VALUES (222, '2024-11-03 15:44:16', 97, 35, 72, 13);
INSERT INTO Record (IDRecord, ReadTime, Temperature, Humidity, Ppm, IDDevice) VALUES (223, '2024-11-03 15:44:16', 46, 78, 16, 4);
INSERT INTO Record (IDRecord, ReadTime, Temperature, Humidity, Ppm, IDDevice) VALUES (224, '2024-11-03 15:44:16', 21, 70, 98, 4);
INSERT INTO Record (IDRecord, ReadTime, Temperature, Humidity, Ppm, IDDevice) VALUES (225, '2024-11-03 15:44:16', 8, 39, 31, 11);
INSERT INTO Record (IDRecord, ReadTime, Temperature, Humidity, Ppm, IDDevice) VALUES (226, '2024-11-03 15:44:16', 35, 57, 85, 4);
INSERT INTO Record (IDRecord, ReadTime, Temperature, Humidity, Ppm, IDDevice) VALUES (227, '2024-11-03 15:44:16', 27, 79, 33, 15);
INSERT INTO Record (IDRecord, ReadTime, Temperature, Humidity, Ppm, IDDevice) VALUES (228, '2024-11-03 15:44:16', 59, 56, 74, 13);
INSERT INTO Record (IDRecord, ReadTime, Temperature, Humidity, Ppm, IDDevice) VALUES (229, '2024-11-03 15:44:16', 40, 74, 8, 5);
INSERT INTO Record (IDRecord, ReadTime, Temperature, Humidity, Ppm, IDDevice) VALUES (230, '2024-11-03 15:44:16', 35, 61, 23, 15);
INSERT INTO Record (IDRecord, ReadTime, Temperature, Humidity, Ppm, IDDevice) VALUES (231, '2024-11-03 15:44:16', 35, 62, 81, 11);
INSERT INTO Record (IDRecord, ReadTime, Temperature, Humidity, Ppm, IDDevice) VALUES (232, '2024-11-03 15:44:16', 95, 68, 1, 2);
INSERT INTO Record (IDRecord, ReadTime, Temperature, Humidity, Ppm, IDDevice) VALUES (233, '2024-11-03 15:44:16', 84, 59, 41, 15);
INSERT INTO Record (IDRecord, ReadTime, Temperature, Humidity, Ppm, IDDevice) VALUES (234, '2024-11-03 15:44:16', 99, 8, 30, 13);
INSERT INTO Record (IDRecord, ReadTime, Temperature, Humidity, Ppm, IDDevice) VALUES (235, '2024-11-03 15:44:16', 82, 88, 51, 6);
INSERT INTO Record (IDRecord, ReadTime, Temperature, Humidity, Ppm, IDDevice) VALUES (236, '2024-11-03 15:44:16', 69, 0, 68, 12);
INSERT INTO Record (IDRecord, ReadTime, Temperature, Humidity, Ppm, IDDevice) VALUES (237, '2024-11-03 15:44:16', 63, 51, 92, 13);
INSERT INTO Record (IDRecord, ReadTime, Temperature, Humidity, Ppm, IDDevice) VALUES (238, '2024-11-03 15:44:16', 72, 10, 13, 3);
INSERT INTO Record (IDRecord, ReadTime, Temperature, Humidity, Ppm, IDDevice) VALUES (239, '2024-11-03 15:44:16', 41, 21, 30, 15);
INSERT INTO Record (IDRecord, ReadTime, Temperature, Humidity, Ppm, IDDevice) VALUES (240, '2024-11-03 15:44:16', 22, 39, 0, 1);
INSERT INTO Record (IDRecord, ReadTime, Temperature, Humidity, Ppm, IDDevice) VALUES (241, '2024-11-03 15:44:16', 48, 96, 17, 15);
INSERT INTO Record (IDRecord, ReadTime, Temperature, Humidity, Ppm, IDDevice) VALUES (242, '2024-11-03 15:44:16', 19, 29, 15, 7);
INSERT INTO Record (IDRecord, ReadTime, Temperature, Humidity, Ppm, IDDevice) VALUES (243, '2024-11-03 15:44:16', 98, 56, 97, 10);
INSERT INTO Record (IDRecord, ReadTime, Temperature, Humidity, Ppm, IDDevice) VALUES (244, '2024-11-03 15:44:16', 8, 76, 67, 1);
INSERT INTO Record (IDRecord, ReadTime, Temperature, Humidity, Ppm, IDDevice) VALUES (245, '2024-11-03 15:44:16', 13, 11, 82, 9);
INSERT INTO Record (IDRecord, ReadTime, Temperature, Humidity, Ppm, IDDevice) VALUES (246, '2024-11-03 15:44:16', 45, 2, 66, 10);
INSERT INTO Record (IDRecord, ReadTime, Temperature, Humidity, Ppm, IDDevice) VALUES (247, '2024-11-03 15:44:16', 88, 13, 19, 8);
INSERT INTO Record (IDRecord, ReadTime, Temperature, Humidity, Ppm, IDDevice) VALUES (248, '2024-11-03 15:44:16', 7, 23, 61, 7);
INSERT INTO Record (IDRecord, ReadTime, Temperature, Humidity, Ppm, IDDevice) VALUES (249, '2024-11-03 15:44:16', 6, 92, 68, 6);
INSERT INTO Record (IDRecord, ReadTime, Temperature, Humidity, Ppm, IDDevice) VALUES (250, '2024-11-03 15:44:16', 95, 73, 62, 2);
INSERT INTO Record (IDRecord, ReadTime, Temperature, Humidity, Ppm, IDDevice) VALUES (251, '2024-11-03 15:44:16', 53, 32, 51, 8);
INSERT INTO Record (IDRecord, ReadTime, Temperature, Humidity, Ppm, IDDevice) VALUES (252, '2024-11-03 15:44:16', 65, 77, 48, 12);
INSERT INTO Record (IDRecord, ReadTime, Temperature, Humidity, Ppm, IDDevice) VALUES (253, '2024-11-03 15:44:16', 1, 68, 59, 10);
INSERT INTO Record (IDRecord, ReadTime, Temperature, Humidity, Ppm, IDDevice) VALUES (254, '2024-11-03 15:44:16', 82, 25, 42, 3);
INSERT INTO Record (IDRecord, ReadTime, Temperature, Humidity, Ppm, IDDevice) VALUES (255, '2024-11-03 15:44:16', 11, 76, 56, 11);
INSERT INTO Record (IDRecord, ReadTime, Temperature, Humidity, Ppm, IDDevice) VALUES (256, '2024-11-03 15:44:16', 14, 60, 75, 1);
INSERT INTO Record (IDRecord, ReadTime, Temperature, Humidity, Ppm, IDDevice) VALUES (257, '2024-11-03 15:44:16', 75, 37, 80, 2);
INSERT INTO Record (IDRecord, ReadTime, Temperature, Humidity, Ppm, IDDevice) VALUES (258, '2024-11-03 15:44:16', 50, 64, 97, 3);
INSERT INTO Record (IDRecord, ReadTime, Temperature, Humidity, Ppm, IDDevice) VALUES (259, '2024-11-03 15:44:16', 6, 84, 77, 12);
INSERT INTO Record (IDRecord, ReadTime, Temperature, Humidity, Ppm, IDDevice) VALUES (260, '2024-11-03 15:44:16', 79, 31, 21, 7);
INSERT INTO Record (IDRecord, ReadTime, Temperature, Humidity, Ppm, IDDevice) VALUES (261, '2024-11-03 15:44:16', 48, 23, 85, 9);
INSERT INTO Record (IDRecord, ReadTime, Temperature, Humidity, Ppm, IDDevice) VALUES (262, '2024-11-03 15:44:16', 2, 66, 61, 6);
INSERT INTO Record (IDRecord, ReadTime, Temperature, Humidity, Ppm, IDDevice) VALUES (263, '2024-11-03 15:44:16', 87, 7, 93, 6);
INSERT INTO Record (IDRecord, ReadTime, Temperature, Humidity, Ppm, IDDevice) VALUES (264, '2024-11-03 15:44:16', 30, 97, 70, 11);
INSERT INTO Record (IDRecord, ReadTime, Temperature, Humidity, Ppm, IDDevice) VALUES (265, '2024-11-03 15:44:16', 42, 44, 27, 3);
INSERT INTO Record (IDRecord, ReadTime, Temperature, Humidity, Ppm, IDDevice) VALUES (266, '2024-11-03 15:44:16', 65, 26, 74, 11);
INSERT INTO Record (IDRecord, ReadTime, Temperature, Humidity, Ppm, IDDevice) VALUES (267, '2024-11-03 15:44:16', 51, 0, 56, 15);
INSERT INTO Record (IDRecord, ReadTime, Temperature, Humidity, Ppm, IDDevice) VALUES (268, '2024-11-03 15:44:16', 19, 34, 96, 15);
INSERT INTO Record (IDRecord, ReadTime, Temperature, Humidity, Ppm, IDDevice) VALUES (269, '2024-11-03 15:44:16', 13, 33, 74, 1);
INSERT INTO Record (IDRecord, ReadTime, Temperature, Humidity, Ppm, IDDevice) VALUES (270, '2024-11-03 15:44:16', 81, 90, 11, 7);
INSERT INTO Record (IDRecord, ReadTime, Temperature, Humidity, Ppm, IDDevice) VALUES (271, '2024-11-03 15:44:16', 95, 85, 70, 4);
INSERT INTO Record (IDRecord, ReadTime, Temperature, Humidity, Ppm, IDDevice) VALUES (272, '2024-11-03 15:44:16', 68, 84, 70, 15);
INSERT INTO Record (IDRecord, ReadTime, Temperature, Humidity, Ppm, IDDevice) VALUES (273, '2024-11-03 15:44:16', 72, 77, 91, 5);
INSERT INTO Record (IDRecord, ReadTime, Temperature, Humidity, Ppm, IDDevice) VALUES (274, '2024-11-03 15:44:16', 11, 55, 47, 8);
INSERT INTO Record (IDRecord, ReadTime, Temperature, Humidity, Ppm, IDDevice) VALUES (275, '2024-11-03 15:44:16', 57, 52, 46, 13);
INSERT INTO Record (IDRecord, ReadTime, Temperature, Humidity, Ppm, IDDevice) VALUES (276, '2024-11-03 15:44:16', 41, 86, 47, 13);
INSERT INTO Record (IDRecord, ReadTime, Temperature, Humidity, Ppm, IDDevice) VALUES (277, '2024-11-03 15:44:16', 29, 71, 52, 6);
INSERT INTO Record (IDRecord, ReadTime, Temperature, Humidity, Ppm, IDDevice) VALUES (278, '2024-11-03 15:44:16', 20, 93, 80, 14);
INSERT INTO Record (IDRecord, ReadTime, Temperature, Humidity, Ppm, IDDevice) VALUES (279, '2024-11-03 15:44:16', 60, 80, 4, 9);
INSERT INTO Record (IDRecord, ReadTime, Temperature, Humidity, Ppm, IDDevice) VALUES (280, '2024-11-03 15:44:16', 95, 39, 68, 2);
INSERT INTO Record (IDRecord, ReadTime, Temperature, Humidity, Ppm, IDDevice) VALUES (281, '2024-11-03 15:44:16', 36, 88, 46, 9);
INSERT INTO Record (IDRecord, ReadTime, Temperature, Humidity, Ppm, IDDevice) VALUES (282, '2024-11-03 15:44:16', 85, 51, 2, 15);
INSERT INTO Record (IDRecord, ReadTime, Temperature, Humidity, Ppm, IDDevice) VALUES (283, '2024-11-03 15:44:16', 67, 3, 92, 14);
INSERT INTO Record (IDRecord, ReadTime, Temperature, Humidity, Ppm, IDDevice) VALUES (284, '2024-11-03 15:44:16', 24, 58, 48, 14);
INSERT INTO Record (IDRecord, ReadTime, Temperature, Humidity, Ppm, IDDevice) VALUES (285, '2024-11-03 15:44:16', 4, 0, 97, 2);
INSERT INTO Record (IDRecord, ReadTime, Temperature, Humidity, Ppm, IDDevice) VALUES (286, '2024-11-03 15:44:16', 43, 7, 20, 14);
INSERT INTO Record (IDRecord, ReadTime, Temperature, Humidity, Ppm, IDDevice) VALUES (287, '2024-11-03 15:44:16', 14, 42, 97, 10);
INSERT INTO Record (IDRecord, ReadTime, Temperature, Humidity, Ppm, IDDevice) VALUES (288, '2024-11-03 15:44:16', 4, 83, 18, 9);
INSERT INTO Record (IDRecord, ReadTime, Temperature, Humidity, Ppm, IDDevice) VALUES (289, '2024-11-03 15:44:16', 79, 48, 6, 1);
INSERT INTO Record (IDRecord, ReadTime, Temperature, Humidity, Ppm, IDDevice) VALUES (290, '2024-11-03 15:44:16', 39, 13, 93, 4);
INSERT INTO Record (IDRecord, ReadTime, Temperature, Humidity, Ppm, IDDevice) VALUES (291, '2024-11-03 15:44:16', 66, 98, 55, 12);
INSERT INTO Record (IDRecord, ReadTime, Temperature, Humidity, Ppm, IDDevice) VALUES (292, '2024-11-03 15:44:16', 40, 92, 38, 7);
INSERT INTO Record (IDRecord, ReadTime, Temperature, Humidity, Ppm, IDDevice) VALUES (293, '2024-11-03 15:44:16', 21, 66, 68, 10);
INSERT INTO Record (IDRecord, ReadTime, Temperature, Humidity, Ppm, IDDevice) VALUES (294, '2024-11-03 15:44:16', 65, 72, 83, 6);
INSERT INTO Record (IDRecord, ReadTime, Temperature, Humidity, Ppm, IDDevice) VALUES (295, '2024-11-03 15:44:16', 92, 48, 98, 6);
INSERT INTO Record (IDRecord, ReadTime, Temperature, Humidity, Ppm, IDDevice) VALUES (296, '2024-11-03 15:44:16', 78, 75, 77, 3);
INSERT INTO Record (IDRecord, ReadTime, Temperature, Humidity, Ppm, IDDevice) VALUES (297, '2024-11-03 15:44:16', 52, 15, 41, 2);
INSERT INTO Record (IDRecord, ReadTime, Temperature, Humidity, Ppm, IDDevice) VALUES (298, '2024-11-03 15:44:16', 16, 14, 3, 10);
INSERT INTO Record (IDRecord, ReadTime, Temperature, Humidity, Ppm, IDDevice) VALUES (299, '2024-11-03 15:44:16', 45, 73, 41, 5);
INSERT INTO Record (IDRecord, ReadTime, Temperature, Humidity, Ppm, IDDevice) VALUES (300, '2024-11-03 15:44:16', 87, 94, 57, 12);
INSERT INTO Record (IDRecord, ReadTime, Temperature, Humidity, Ppm, IDDevice) VALUES (301, '2024-11-03 15:44:16', 1, 39, 72, 5);
INSERT INTO Record (IDRecord, ReadTime, Temperature, Humidity, Ppm, IDDevice) VALUES (302, '2024-11-03 15:44:16', 59, 24, 22, 5);
INSERT INTO Record (IDRecord, ReadTime, Temperature, Humidity, Ppm, IDDevice) VALUES (303, '2024-11-03 15:44:16', 6, 90, 44, 9);
INSERT INTO Record (IDRecord, ReadTime, Temperature, Humidity, Ppm, IDDevice) VALUES (304, '2024-11-03 15:44:16', 94, 77, 65, 2);
INSERT INTO Record (IDRecord, ReadTime, Temperature, Humidity, Ppm, IDDevice) VALUES (305, '2024-11-03 15:44:16', 48, 99, 98, 14);
INSERT INTO Record (IDRecord, ReadTime, Temperature, Humidity, Ppm, IDDevice) VALUES (306, '2024-11-03 15:44:16', 84, 30, 16, 13);
INSERT INTO Record (IDRecord, ReadTime, Temperature, Humidity, Ppm, IDDevice) VALUES (307, '2024-11-03 15:44:16', 69, 12, 8, 2);
INSERT INTO Record (IDRecord, ReadTime, Temperature, Humidity, Ppm, IDDevice) VALUES (308, '2024-11-03 15:44:16', 46, 81, 40, 10);
INSERT INTO Record (IDRecord, ReadTime, Temperature, Humidity, Ppm, IDDevice) VALUES (309, '2024-11-03 15:44:16', 39, 37, 67, 13);
INSERT INTO Record (IDRecord, ReadTime, Temperature, Humidity, Ppm, IDDevice) VALUES (310, '2024-11-03 15:44:16', 53, 74, 15, 2);
INSERT INTO Record (IDRecord, ReadTime, Temperature, Humidity, Ppm, IDDevice) VALUES (311, '2024-11-03 15:44:16', 77, 48, 46, 3);
INSERT INTO Record (IDRecord, ReadTime, Temperature, Humidity, Ppm, IDDevice) VALUES (312, '2024-11-03 15:44:16', 80, 19, 39, 9);
INSERT INTO Record (IDRecord, ReadTime, Temperature, Humidity, Ppm, IDDevice) VALUES (313, '2024-11-03 15:44:16', 67, 65, 77, 3);
INSERT INTO Record (IDRecord, ReadTime, Temperature, Humidity, Ppm, IDDevice) VALUES (314, '2024-11-03 15:44:16', 37, 5, 80, 14);
INSERT INTO Record (IDRecord, ReadTime, Temperature, Humidity, Ppm, IDDevice) VALUES (315, '2024-11-03 15:44:16', 77, 23, 30, 14);
INSERT INTO Record (IDRecord, ReadTime, Temperature, Humidity, Ppm, IDDevice) VALUES (316, '2024-11-03 15:44:16', 32, 33, 25, 11);
INSERT INTO Record (IDRecord, ReadTime, Temperature, Humidity, Ppm, IDDevice) VALUES (317, '2024-11-03 15:44:16', 8, 69, 92, 2);
INSERT INTO Record (IDRecord, ReadTime, Temperature, Humidity, Ppm, IDDevice) VALUES (318, '2024-11-03 15:44:16', 2, 3, 47, 2);
INSERT INTO Record (IDRecord, ReadTime, Temperature, Humidity, Ppm, IDDevice) VALUES (319, '2024-11-03 15:44:16', 29, 54, 3, 10);
INSERT INTO Record (IDRecord, ReadTime, Temperature, Humidity, Ppm, IDDevice) VALUES (320, '2024-11-03 15:44:16', 59, 38, 13, 4);
INSERT INTO Record (IDRecord, ReadTime, Temperature, Humidity, Ppm, IDDevice) VALUES (321, '2024-11-03 15:44:16', 16, 97, 90, 6);
INSERT INTO Record (IDRecord, ReadTime, Temperature, Humidity, Ppm, IDDevice) VALUES (322, '2024-11-03 15:44:16', 52, 18, 11, 15);
INSERT INTO Record (IDRecord, ReadTime, Temperature, Humidity, Ppm, IDDevice) VALUES (323, '2024-11-03 15:44:16', 50, 65, 61, 3);
INSERT INTO Record (IDRecord, ReadTime, Temperature, Humidity, Ppm, IDDevice) VALUES (324, '2024-11-03 15:44:16', 43, 69, 79, 3);
INSERT INTO Record (IDRecord, ReadTime, Temperature, Humidity, Ppm, IDDevice) VALUES (325, '2024-11-03 15:44:16', 51, 94, 35, 4);
INSERT INTO Record (IDRecord, ReadTime, Temperature, Humidity, Ppm, IDDevice) VALUES (326, '2024-11-03 15:44:16', 14, 91, 99, 3);
INSERT INTO Record (IDRecord, ReadTime, Temperature, Humidity, Ppm, IDDevice) VALUES (327, '2024-11-03 15:44:16', 29, 95, 61, 7);
INSERT INTO Record (IDRecord, ReadTime, Temperature, Humidity, Ppm, IDDevice) VALUES (328, '2024-11-03 15:44:16', 44, 2, 9, 5);
INSERT INTO Record (IDRecord, ReadTime, Temperature, Humidity, Ppm, IDDevice) VALUES (329, '2024-11-03 15:44:16', 75, 30, 33, 3);
INSERT INTO Record (IDRecord, ReadTime, Temperature, Humidity, Ppm, IDDevice) VALUES (330, '2024-11-03 15:44:16', 72, 55, 89, 9);
INSERT INTO Record (IDRecord, ReadTime, Temperature, Humidity, Ppm, IDDevice) VALUES (331, '2024-11-03 15:44:16', 8, 84, 72, 10);
INSERT INTO Record (IDRecord, ReadTime, Temperature, Humidity, Ppm, IDDevice) VALUES (332, '2024-11-03 15:44:16', 3, 14, 38, 1);
INSERT INTO Record (IDRecord, ReadTime, Temperature, Humidity, Ppm, IDDevice) VALUES (333, '2024-11-03 15:44:16', 85, 94, 68, 15);
INSERT INTO Record (IDRecord, ReadTime, Temperature, Humidity, Ppm, IDDevice) VALUES (334, '2024-11-03 15:44:16', 26, 26, 49, 14);
INSERT INTO Record (IDRecord, ReadTime, Temperature, Humidity, Ppm, IDDevice) VALUES (335, '2024-11-03 15:44:16', 86, 76, 83, 1);
INSERT INTO Record (IDRecord, ReadTime, Temperature, Humidity, Ppm, IDDevice) VALUES (336, '2024-11-03 15:44:16', 70, 19, 41, 11);
INSERT INTO Record (IDRecord, ReadTime, Temperature, Humidity, Ppm, IDDevice) VALUES (337, '2024-11-03 15:44:16', 2, 22, 86, 1);
INSERT INTO Record (IDRecord, ReadTime, Temperature, Humidity, Ppm, IDDevice) VALUES (338, '2024-11-03 15:44:16', 27, 70, 26, 4);
INSERT INTO Record (IDRecord, ReadTime, Temperature, Humidity, Ppm, IDDevice) VALUES (339, '2024-11-03 15:44:16', 10, 78, 83, 2);
INSERT INTO Record (IDRecord, ReadTime, Temperature, Humidity, Ppm, IDDevice) VALUES (340, '2024-11-03 15:44:16', 29, 25, 35, 13);
INSERT INTO Record (IDRecord, ReadTime, Temperature, Humidity, Ppm, IDDevice) VALUES (341, '2024-11-03 15:44:16', 38, 99, 75, 6);
INSERT INTO Record (IDRecord, ReadTime, Temperature, Humidity, Ppm, IDDevice) VALUES (342, '2024-11-03 15:44:16', 62, 96, 79, 4);
INSERT INTO Record (IDRecord, ReadTime, Temperature, Humidity, Ppm, IDDevice) VALUES (343, '2024-11-03 15:44:16', 80, 57, 44, 12);
INSERT INTO Record (IDRecord, ReadTime, Temperature, Humidity, Ppm, IDDevice) VALUES (344, '2024-11-03 15:44:16', 98, 32, 95, 8);
INSERT INTO Record (IDRecord, ReadTime, Temperature, Humidity, Ppm, IDDevice) VALUES (345, '2024-11-03 15:44:16', 22, 83, 41, 1);
INSERT INTO Record (IDRecord, ReadTime, Temperature, Humidity, Ppm, IDDevice) VALUES (346, '2024-11-03 15:44:16', 1, 52, 34, 13);
INSERT INTO Record (IDRecord, ReadTime, Temperature, Humidity, Ppm, IDDevice) VALUES (347, '2024-11-03 15:44:16', 61, 68, 29, 3);
INSERT INTO Record (IDRecord, ReadTime, Temperature, Humidity, Ppm, IDDevice) VALUES (348, '2024-11-03 15:44:16', 93, 32, 68, 2);
INSERT INTO Record (IDRecord, ReadTime, Temperature, Humidity, Ppm, IDDevice) VALUES (349, '2024-11-03 15:44:16', 73, 98, 92, 1);
INSERT INTO Record (IDRecord, ReadTime, Temperature, Humidity, Ppm, IDDevice) VALUES (350, '2024-11-03 15:44:16', 5, 24, 96, 4);
INSERT INTO Record (IDRecord, ReadTime, Temperature, Humidity, Ppm, IDDevice) VALUES (351, '2024-11-03 15:44:16', 34, 50, 6, 14);
INSERT INTO Record (IDRecord, ReadTime, Temperature, Humidity, Ppm, IDDevice) VALUES (352, '2024-11-03 15:44:16', 47, 91, 50, 11);
INSERT INTO Record (IDRecord, ReadTime, Temperature, Humidity, Ppm, IDDevice) VALUES (353, '2024-11-03 15:44:16', 10, 74, 10, 15);
INSERT INTO Record (IDRecord, ReadTime, Temperature, Humidity, Ppm, IDDevice) VALUES (354, '2024-11-03 15:44:16', 75, 29, 57, 14);
INSERT INTO Record (IDRecord, ReadTime, Temperature, Humidity, Ppm, IDDevice) VALUES (355, '2024-11-03 15:44:16', 68, 57, 28, 2);
INSERT INTO Record (IDRecord, ReadTime, Temperature, Humidity, Ppm, IDDevice) VALUES (356, '2024-11-03 15:44:16', 90, 63, 34, 13);
INSERT INTO Record (IDRecord, ReadTime, Temperature, Humidity, Ppm, IDDevice) VALUES (357, '2024-11-03 15:44:16', 98, 31, 35, 14);
INSERT INTO Record (IDRecord, ReadTime, Temperature, Humidity, Ppm, IDDevice) VALUES (358, '2024-11-03 15:44:16', 96, 75, 79, 9);
INSERT INTO Record (IDRecord, ReadTime, Temperature, Humidity, Ppm, IDDevice) VALUES (359, '2024-11-03 15:44:16', 8, 19, 44, 3);
INSERT INTO Record (IDRecord, ReadTime, Temperature, Humidity, Ppm, IDDevice) VALUES (360, '2024-11-03 15:44:16', 90, 10, 21, 4);
INSERT INTO Record (IDRecord, ReadTime, Temperature, Humidity, Ppm, IDDevice) VALUES (361, '2024-11-03 15:44:16', 72, 47, 49, 5);
INSERT INTO Record (IDRecord, ReadTime, Temperature, Humidity, Ppm, IDDevice) VALUES (362, '2024-11-03 15:44:16', 85, 65, 72, 9);
INSERT INTO Record (IDRecord, ReadTime, Temperature, Humidity, Ppm, IDDevice) VALUES (363, '2024-11-03 15:44:16', 48, 39, 79, 15);
INSERT INTO Record (IDRecord, ReadTime, Temperature, Humidity, Ppm, IDDevice) VALUES (364, '2024-11-03 15:44:16', 40, 92, 65, 6);
INSERT INTO Record (IDRecord, ReadTime, Temperature, Humidity, Ppm, IDDevice) VALUES (365, '2024-11-03 15:44:16', 63, 22, 40, 1);
INSERT INTO Record (IDRecord, ReadTime, Temperature, Humidity, Ppm, IDDevice) VALUES (366, '2024-11-03 15:44:16', 98, 13, 2, 4);
INSERT INTO Record (IDRecord, ReadTime, Temperature, Humidity, Ppm, IDDevice) VALUES (367, '2024-11-03 15:44:16', 75, 51, 82, 14);
INSERT INTO Record (IDRecord, ReadTime, Temperature, Humidity, Ppm, IDDevice) VALUES (368, '2024-11-03 15:44:16', 62, 42, 54, 8);
INSERT INTO Record (IDRecord, ReadTime, Temperature, Humidity, Ppm, IDDevice) VALUES (369, '2024-11-03 15:44:16', 92, 70, 66, 11);
INSERT INTO Record (IDRecord, ReadTime, Temperature, Humidity, Ppm, IDDevice) VALUES (370, '2024-11-03 15:44:16', 86, 23, 17, 5);
INSERT INTO Record (IDRecord, ReadTime, Temperature, Humidity, Ppm, IDDevice) VALUES (371, '2024-11-03 15:44:16', 24, 56, 66, 14);
INSERT INTO Record (IDRecord, ReadTime, Temperature, Humidity, Ppm, IDDevice) VALUES (372, '2024-11-03 15:44:16', 57, 53, 22, 10);
INSERT INTO Record (IDRecord, ReadTime, Temperature, Humidity, Ppm, IDDevice) VALUES (373, '2024-11-03 15:44:16', 17, 51, 88, 5);
INSERT INTO Record (IDRecord, ReadTime, Temperature, Humidity, Ppm, IDDevice) VALUES (374, '2024-11-03 15:44:16', 32, 38, 76, 13);
INSERT INTO Record (IDRecord, ReadTime, Temperature, Humidity, Ppm, IDDevice) VALUES (375, '2024-11-03 15:44:16', 79, 16, 60, 9);
INSERT INTO Record (IDRecord, ReadTime, Temperature, Humidity, Ppm, IDDevice) VALUES (376, '2024-11-03 15:44:16', 16, 11, 60, 11);
INSERT INTO Record (IDRecord, ReadTime, Temperature, Humidity, Ppm, IDDevice) VALUES (377, '2024-11-03 15:44:16', 99, 30, 54, 10);
INSERT INTO Record (IDRecord, ReadTime, Temperature, Humidity, Ppm, IDDevice) VALUES (378, '2024-11-03 15:44:16', 98, 76, 37, 14);
INSERT INTO Record (IDRecord, ReadTime, Temperature, Humidity, Ppm, IDDevice) VALUES (379, '2024-11-03 15:44:16', 61, 10, 53, 13);
INSERT INTO Record (IDRecord, ReadTime, Temperature, Humidity, Ppm, IDDevice) VALUES (380, '2024-11-03 15:44:16', 39, 88, 99, 12);
INSERT INTO Record (IDRecord, ReadTime, Temperature, Humidity, Ppm, IDDevice) VALUES (381, '2024-11-03 15:44:16', 59, 81, 9, 11);
INSERT INTO Record (IDRecord, ReadTime, Temperature, Humidity, Ppm, IDDevice) VALUES (382, '2024-11-03 15:44:16', 10, 90, 5, 6);
INSERT INTO Record (IDRecord, ReadTime, Temperature, Humidity, Ppm, IDDevice) VALUES (383, '2024-11-03 15:44:16', 3, 72, 2, 9);
INSERT INTO Record (IDRecord, ReadTime, Temperature, Humidity, Ppm, IDDevice) VALUES (384, '2024-11-03 15:44:16', 36, 9, 51, 12);
INSERT INTO Record (IDRecord, ReadTime, Temperature, Humidity, Ppm, IDDevice) VALUES (385, '2024-11-03 15:44:16', 21, 72, 47, 4);
INSERT INTO Record (IDRecord, ReadTime, Temperature, Humidity, Ppm, IDDevice) VALUES (386, '2024-11-03 15:44:16', 27, 96, 37, 15);
INSERT INTO Record (IDRecord, ReadTime, Temperature, Humidity, Ppm, IDDevice) VALUES (387, '2024-11-03 15:44:16', 30, 83, 53, 5);
INSERT INTO Record (IDRecord, ReadTime, Temperature, Humidity, Ppm, IDDevice) VALUES (388, '2024-11-03 15:44:16', 14, 75, 58, 4);
INSERT INTO Record (IDRecord, ReadTime, Temperature, Humidity, Ppm, IDDevice) VALUES (389, '2024-11-03 15:44:16', 91, 1, 17, 6);
INSERT INTO Record (IDRecord, ReadTime, Temperature, Humidity, Ppm, IDDevice) VALUES (390, '2024-11-03 15:44:16', 99, 40, 29, 3);
INSERT INTO Record (IDRecord, ReadTime, Temperature, Humidity, Ppm, IDDevice) VALUES (391, '2024-11-03 15:44:16', 72, 64, 45, 3);
INSERT INTO Record (IDRecord, ReadTime, Temperature, Humidity, Ppm, IDDevice) VALUES (392, '2024-11-03 15:44:16', 89, 99, 3, 6);
INSERT INTO Record (IDRecord, ReadTime, Temperature, Humidity, Ppm, IDDevice) VALUES (393, '2024-11-03 15:44:16', 33, 57, 3, 4);
INSERT INTO Record (IDRecord, ReadTime, Temperature, Humidity, Ppm, IDDevice) VALUES (394, '2024-11-03 15:44:16', 70, 91, 55, 2);
INSERT INTO Record (IDRecord, ReadTime, Temperature, Humidity, Ppm, IDDevice) VALUES (395, '2024-11-03 15:44:16', 77, 79, 28, 2);
INSERT INTO Record (IDRecord, ReadTime, Temperature, Humidity, Ppm, IDDevice) VALUES (396, '2024-11-03 15:44:16', 31, 94, 57, 3);
INSERT INTO Record (IDRecord, ReadTime, Temperature, Humidity, Ppm, IDDevice) VALUES (397, '2024-11-03 15:44:16', 89, 15, 6, 5);
INSERT INTO Record (IDRecord, ReadTime, Temperature, Humidity, Ppm, IDDevice) VALUES (398, '2024-11-03 15:44:16', 95, 2, 52, 12);
INSERT INTO Record (IDRecord, ReadTime, Temperature, Humidity, Ppm, IDDevice) VALUES (399, '2024-11-03 15:44:16', 53, 23, 75, 10);
INSERT INTO Record (IDRecord, ReadTime, Temperature, Humidity, Ppm, IDDevice) VALUES (400, '2024-11-03 15:44:16', 40, 46, 24, 12);
INSERT INTO Record (IDRecord, ReadTime, Temperature, Humidity, Ppm, IDDevice) VALUES (401, '2024-11-03 15:44:16', 16, 98, 56, 3);
INSERT INTO Record (IDRecord, ReadTime, Temperature, Humidity, Ppm, IDDevice) VALUES (402, '2024-11-03 15:44:16', 50, 41, 29, 10);
INSERT INTO Record (IDRecord, ReadTime, Temperature, Humidity, Ppm, IDDevice) VALUES (403, '2024-11-03 15:44:16', 87, 56, 23, 4);
INSERT INTO Record (IDRecord, ReadTime, Temperature, Humidity, Ppm, IDDevice) VALUES (404, '2024-11-03 15:44:16', 29, 63, 22, 3);
INSERT INTO Record (IDRecord, ReadTime, Temperature, Humidity, Ppm, IDDevice) VALUES (405, '2024-11-03 15:44:16', 70, 79, 90, 9);
INSERT INTO Record (IDRecord, ReadTime, Temperature, Humidity, Ppm, IDDevice) VALUES (406, '2024-11-03 15:44:16', 47, 54, 46, 14);
INSERT INTO Record (IDRecord, ReadTime, Temperature, Humidity, Ppm, IDDevice) VALUES (407, '2024-11-03 15:44:16', 51, 99, 61, 5);
INSERT INTO Record (IDRecord, ReadTime, Temperature, Humidity, Ppm, IDDevice) VALUES (408, '2024-11-03 15:44:16', 72, 86, 90, 7);
INSERT INTO Record (IDRecord, ReadTime, Temperature, Humidity, Ppm, IDDevice) VALUES (409, '2024-11-03 15:44:16', 21, 34, 28, 13);
INSERT INTO Record (IDRecord, ReadTime, Temperature, Humidity, Ppm, IDDevice) VALUES (410, '2024-11-03 15:44:16', 45, 93, 30, 7);
INSERT INTO Record (IDRecord, ReadTime, Temperature, Humidity, Ppm, IDDevice) VALUES (411, '2024-11-03 15:44:16', 54, 92, 66, 8);
INSERT INTO Record (IDRecord, ReadTime, Temperature, Humidity, Ppm, IDDevice) VALUES (412, '2024-11-03 15:44:16', 73, 37, 75, 15);
INSERT INTO Record (IDRecord, ReadTime, Temperature, Humidity, Ppm, IDDevice) VALUES (413, '2024-11-03 15:44:16', 26, 41, 59, 8);
INSERT INTO Record (IDRecord, ReadTime, Temperature, Humidity, Ppm, IDDevice) VALUES (414, '2024-11-03 15:44:16', 95, 81, 79, 7);
INSERT INTO Record (IDRecord, ReadTime, Temperature, Humidity, Ppm, IDDevice) VALUES (415, '2024-11-03 15:44:16', 82, 62, 24, 3);
INSERT INTO Record (IDRecord, ReadTime, Temperature, Humidity, Ppm, IDDevice) VALUES (416, '2024-11-03 15:44:16', 94, 23, 6, 4);
INSERT INTO Record (IDRecord, ReadTime, Temperature, Humidity, Ppm, IDDevice) VALUES (417, '2024-11-03 15:44:16', 45, 48, 17, 9);
INSERT INTO Record (IDRecord, ReadTime, Temperature, Humidity, Ppm, IDDevice) VALUES (418, '2024-11-03 15:44:16', 91, 1, 57, 10);
INSERT INTO Record (IDRecord, ReadTime, Temperature, Humidity, Ppm, IDDevice) VALUES (419, '2024-11-03 15:44:16', 46, 17, 66, 11);
INSERT INTO Record (IDRecord, ReadTime, Temperature, Humidity, Ppm, IDDevice) VALUES (420, '2024-11-03 15:44:16', 19, 3, 6, 9);
INSERT INTO Record (IDRecord, ReadTime, Temperature, Humidity, Ppm, IDDevice) VALUES (421, '2024-11-03 15:44:16', 20, 96, 91, 10);
INSERT INTO Record (IDRecord, ReadTime, Temperature, Humidity, Ppm, IDDevice) VALUES (422, '2024-11-03 15:44:16', 6, 35, 88, 1);
INSERT INTO Record (IDRecord, ReadTime, Temperature, Humidity, Ppm, IDDevice) VALUES (423, '2024-11-03 15:44:16', 65, 37, 94, 9);
INSERT INTO Record (IDRecord, ReadTime, Temperature, Humidity, Ppm, IDDevice) VALUES (424, '2024-11-03 15:44:16', 41, 1, 78, 7);
INSERT INTO Record (IDRecord, ReadTime, Temperature, Humidity, Ppm, IDDevice) VALUES (425, '2024-11-03 15:44:16', 55, 51, 9, 15);
INSERT INTO Record (IDRecord, ReadTime, Temperature, Humidity, Ppm, IDDevice) VALUES (426, '2024-11-03 15:44:16', 49, 19, 80, 12);
INSERT INTO Record (IDRecord, ReadTime, Temperature, Humidity, Ppm, IDDevice) VALUES (427, '2024-11-03 15:44:16', 70, 13, 81, 15);
INSERT INTO Record (IDRecord, ReadTime, Temperature, Humidity, Ppm, IDDevice) VALUES (428, '2024-11-03 15:44:16', 10, 22, 38, 2);
INSERT INTO Record (IDRecord, ReadTime, Temperature, Humidity, Ppm, IDDevice) VALUES (429, '2024-11-03 15:44:16', 60, 97, 45, 3);
INSERT INTO Record (IDRecord, ReadTime, Temperature, Humidity, Ppm, IDDevice) VALUES (430, '2024-11-03 15:44:16', 1, 7, 71, 15);
INSERT INTO Record (IDRecord, ReadTime, Temperature, Humidity, Ppm, IDDevice) VALUES (431, '2024-11-03 15:44:16', 60, 32, 57, 7);
INSERT INTO Record (IDRecord, ReadTime, Temperature, Humidity, Ppm, IDDevice) VALUES (432, '2024-11-03 15:44:16', 38, 63, 43, 12);
INSERT INTO Record (IDRecord, ReadTime, Temperature, Humidity, Ppm, IDDevice) VALUES (433, '2024-11-03 15:44:16', 96, 68, 35, 14);
INSERT INTO Record (IDRecord, ReadTime, Temperature, Humidity, Ppm, IDDevice) VALUES (434, '2024-11-03 15:44:16', 35, 4, 34, 9);
INSERT INTO Record (IDRecord, ReadTime, Temperature, Humidity, Ppm, IDDevice) VALUES (435, '2024-11-03 15:44:16', 75, 85, 85, 11);
INSERT INTO Record (IDRecord, ReadTime, Temperature, Humidity, Ppm, IDDevice) VALUES (436, '2024-11-03 15:44:16', 83, 90, 91, 14);
INSERT INTO Record (IDRecord, ReadTime, Temperature, Humidity, Ppm, IDDevice) VALUES (437, '2024-11-03 15:44:16', 24, 13, 24, 1);
INSERT INTO Record (IDRecord, ReadTime, Temperature, Humidity, Ppm, IDDevice) VALUES (438, '2024-11-03 15:44:16', 59, 90, 61, 7);
INSERT INTO Record (IDRecord, ReadTime, Temperature, Humidity, Ppm, IDDevice) VALUES (439, '2024-11-03 15:44:16', 40, 47, 75, 7);
INSERT INTO Record (IDRecord, ReadTime, Temperature, Humidity, Ppm, IDDevice) VALUES (440, '2024-11-03 15:44:16', 97, 91, 74, 1);
INSERT INTO Record (IDRecord, ReadTime, Temperature, Humidity, Ppm, IDDevice) VALUES (441, '2024-11-03 15:44:16', 16, 83, 11, 7);
INSERT INTO Record (IDRecord, ReadTime, Temperature, Humidity, Ppm, IDDevice) VALUES (442, '2024-11-03 15:44:16', 60, 20, 15, 2);
INSERT INTO Record (IDRecord, ReadTime, Temperature, Humidity, Ppm, IDDevice) VALUES (443, '2024-11-03 15:44:16', 17, 20, 1, 5);
INSERT INTO Record (IDRecord, ReadTime, Temperature, Humidity, Ppm, IDDevice) VALUES (444, '2024-11-03 15:44:16', 65, 75, 85, 15);
INSERT INTO Record (IDRecord, ReadTime, Temperature, Humidity, Ppm, IDDevice) VALUES (445, '2024-11-03 15:44:16', 66, 1, 22, 14);
INSERT INTO Record (IDRecord, ReadTime, Temperature, Humidity, Ppm, IDDevice) VALUES (446, '2024-11-03 15:44:16', 17, 81, 27, 7);
INSERT INTO Record (IDRecord, ReadTime, Temperature, Humidity, Ppm, IDDevice) VALUES (447, '2024-11-03 15:44:16', 13, 94, 66, 7);
INSERT INTO Record (IDRecord, ReadTime, Temperature, Humidity, Ppm, IDDevice) VALUES (448, '2024-11-03 15:44:16', 57, 3, 69, 11);
INSERT INTO Record (IDRecord, ReadTime, Temperature, Humidity, Ppm, IDDevice) VALUES (449, '2024-11-03 15:44:16', 6, 60, 33, 5);
INSERT INTO Record (IDRecord, ReadTime, Temperature, Humidity, Ppm, IDDevice) VALUES (450, '2024-11-03 15:44:16', 53, 94, 55, 2);
INSERT INTO Record (IDRecord, ReadTime, Temperature, Humidity, Ppm, IDDevice) VALUES (451, '2024-11-03 15:44:16', 59, 32, 32, 1);
INSERT INTO Record (IDRecord, ReadTime, Temperature, Humidity, Ppm, IDDevice) VALUES (452, '2024-11-03 15:44:16', 73, 12, 36, 4);
INSERT INTO Record (IDRecord, ReadTime, Temperature, Humidity, Ppm, IDDevice) VALUES (453, '2024-11-03 15:44:16', 14, 40, 74, 8);
INSERT INTO Record (IDRecord, ReadTime, Temperature, Humidity, Ppm, IDDevice) VALUES (454, '2024-11-03 15:44:16', 3, 10, 95, 2);
INSERT INTO Record (IDRecord, ReadTime, Temperature, Humidity, Ppm, IDDevice) VALUES (455, '2024-11-03 15:44:16', 94, 12, 57, 1);
INSERT INTO Record (IDRecord, ReadTime, Temperature, Humidity, Ppm, IDDevice) VALUES (456, '2024-11-03 15:44:16', 83, 84, 34, 3);
INSERT INTO Record (IDRecord, ReadTime, Temperature, Humidity, Ppm, IDDevice) VALUES (457, '2024-11-03 15:44:16', 31, 87, 81, 13);
INSERT INTO Record (IDRecord, ReadTime, Temperature, Humidity, Ppm, IDDevice) VALUES (458, '2024-11-03 15:44:16', 37, 64, 86, 7);
INSERT INTO Record (IDRecord, ReadTime, Temperature, Humidity, Ppm, IDDevice) VALUES (459, '2024-11-03 15:44:16', 5, 47, 36, 14);
INSERT INTO Record (IDRecord, ReadTime, Temperature, Humidity, Ppm, IDDevice) VALUES (460, '2024-11-03 15:44:16', 47, 39, 64, 14);
INSERT INTO Record (IDRecord, ReadTime, Temperature, Humidity, Ppm, IDDevice) VALUES (461, '2024-11-03 15:44:16', 1, 93, 36, 1);
INSERT INTO Record (IDRecord, ReadTime, Temperature, Humidity, Ppm, IDDevice) VALUES (462, '2024-11-03 15:44:16', 68, 13, 31, 7);
INSERT INTO Record (IDRecord, ReadTime, Temperature, Humidity, Ppm, IDDevice) VALUES (463, '2024-11-03 15:44:16', 76, 22, 59, 7);
INSERT INTO Record (IDRecord, ReadTime, Temperature, Humidity, Ppm, IDDevice) VALUES (464, '2024-11-03 15:44:16', 58, 62, 99, 4);
INSERT INTO Record (IDRecord, ReadTime, Temperature, Humidity, Ppm, IDDevice) VALUES (465, '2024-11-03 15:44:16', 94, 3, 51, 5);
INSERT INTO Record (IDRecord, ReadTime, Temperature, Humidity, Ppm, IDDevice) VALUES (466, '2024-11-03 15:44:16', 61, 64, 36, 11);
INSERT INTO Record (IDRecord, ReadTime, Temperature, Humidity, Ppm, IDDevice) VALUES (467, '2024-11-03 15:44:16', 32, 82, 48, 14);
INSERT INTO Record (IDRecord, ReadTime, Temperature, Humidity, Ppm, IDDevice) VALUES (468, '2024-11-03 15:44:16', 54, 66, 53, 8);
INSERT INTO Record (IDRecord, ReadTime, Temperature, Humidity, Ppm, IDDevice) VALUES (469, '2024-11-03 15:44:16', 38, 7, 8, 9);
INSERT INTO Record (IDRecord, ReadTime, Temperature, Humidity, Ppm, IDDevice) VALUES (470, '2024-11-03 15:44:16', 21, 64, 62, 7);
INSERT INTO Record (IDRecord, ReadTime, Temperature, Humidity, Ppm, IDDevice) VALUES (471, '2024-11-03 15:44:16', 23, 0, 2, 3);
INSERT INTO Record (IDRecord, ReadTime, Temperature, Humidity, Ppm, IDDevice) VALUES (472, '2024-11-03 15:44:16', 95, 60, 66, 2);
INSERT INTO Record (IDRecord, ReadTime, Temperature, Humidity, Ppm, IDDevice) VALUES (473, '2024-11-03 15:44:16', 44, 69, 51, 7);
INSERT INTO Record (IDRecord, ReadTime, Temperature, Humidity, Ppm, IDDevice) VALUES (474, '2024-11-03 15:44:16', 60, 3, 33, 13);
INSERT INTO Record (IDRecord, ReadTime, Temperature, Humidity, Ppm, IDDevice) VALUES (475, '2024-11-03 15:44:16', 60, 5, 52, 14);
INSERT INTO Record (IDRecord, ReadTime, Temperature, Humidity, Ppm, IDDevice) VALUES (476, '2024-11-03 15:44:16', 14, 38, 15, 8);
INSERT INTO Record (IDRecord, ReadTime, Temperature, Humidity, Ppm, IDDevice) VALUES (477, '2024-11-03 15:44:16', 7, 55, 78, 11);
INSERT INTO Record (IDRecord, ReadTime, Temperature, Humidity, Ppm, IDDevice) VALUES (478, '2024-11-03 15:44:16', 93, 5, 83, 7);
INSERT INTO Record (IDRecord, ReadTime, Temperature, Humidity, Ppm, IDDevice) VALUES (479, '2024-11-03 15:44:16', 6, 42, 61, 7);
INSERT INTO Record (IDRecord, ReadTime, Temperature, Humidity, Ppm, IDDevice) VALUES (480, '2024-11-03 15:44:16', 93, 43, 97, 2);
INSERT INTO Record (IDRecord, ReadTime, Temperature, Humidity, Ppm, IDDevice) VALUES (481, '2024-11-03 15:44:16', 64, 97, 9, 13);
INSERT INTO Record (IDRecord, ReadTime, Temperature, Humidity, Ppm, IDDevice) VALUES (482, '2024-11-03 15:44:16', 63, 25, 5, 4);
INSERT INTO Record (IDRecord, ReadTime, Temperature, Humidity, Ppm, IDDevice) VALUES (483, '2024-11-03 15:44:16', 12, 72, 15, 15);
INSERT INTO Record (IDRecord, ReadTime, Temperature, Humidity, Ppm, IDDevice) VALUES (484, '2024-11-03 15:44:16', 76, 2, 34, 5);
INSERT INTO Record (IDRecord, ReadTime, Temperature, Humidity, Ppm, IDDevice) VALUES (485, '2024-11-03 15:44:16', 97, 25, 47, 7);
INSERT INTO Record (IDRecord, ReadTime, Temperature, Humidity, Ppm, IDDevice) VALUES (486, '2024-11-03 15:44:16', 41, 46, 56, 7);
INSERT INTO Record (IDRecord, ReadTime, Temperature, Humidity, Ppm, IDDevice) VALUES (487, '2024-11-03 15:44:16', 5, 64, 96, 3);
INSERT INTO Record (IDRecord, ReadTime, Temperature, Humidity, Ppm, IDDevice) VALUES (488, '2024-11-03 15:44:16', 13, 80, 26, 12);
INSERT INTO Record (IDRecord, ReadTime, Temperature, Humidity, Ppm, IDDevice) VALUES (489, '2024-11-03 15:44:16', 51, 55, 1, 12);
INSERT INTO Record (IDRecord, ReadTime, Temperature, Humidity, Ppm, IDDevice) VALUES (490, '2024-11-03 15:44:16', 22, 41, 45, 3);
INSERT INTO Record (IDRecord, ReadTime, Temperature, Humidity, Ppm, IDDevice) VALUES (491, '2024-11-03 15:44:16', 57, 59, 23, 13);
INSERT INTO Record (IDRecord, ReadTime, Temperature, Humidity, Ppm, IDDevice) VALUES (492, '2024-11-03 15:44:16', 76, 12, 91, 15);
INSERT INTO Record (IDRecord, ReadTime, Temperature, Humidity, Ppm, IDDevice) VALUES (493, '2024-11-03 15:44:16', 6, 93, 61, 11);
INSERT INTO Record (IDRecord, ReadTime, Temperature, Humidity, Ppm, IDDevice) VALUES (494, '2024-11-03 15:44:16', 80, 69, 4, 3);
INSERT INTO Record (IDRecord, ReadTime, Temperature, Humidity, Ppm, IDDevice) VALUES (495, '2024-11-03 15:44:16', 41, 65, 79, 12);
INSERT INTO Record (IDRecord, ReadTime, Temperature, Humidity, Ppm, IDDevice) VALUES (496, '2024-11-03 15:44:16', 34, 5, 80, 7);
INSERT INTO Record (IDRecord, ReadTime, Temperature, Humidity, Ppm, IDDevice) VALUES (497, '2024-11-03 15:44:16', 36, 27, 15, 10);
INSERT INTO Record (IDRecord, ReadTime, Temperature, Humidity, Ppm, IDDevice) VALUES (498, '2024-11-03 15:44:16', 12, 69, 75, 2);
INSERT INTO Record (IDRecord, ReadTime, Temperature, Humidity, Ppm, IDDevice) VALUES (499, '2024-11-03 15:44:16', 34, 57, 75, 7);
INSERT INTO Record (IDRecord, ReadTime, Temperature, Humidity, Ppm, IDDevice) VALUES (500, '2024-11-03 15:44:16', 41, 22, 28, 10);
