INSERT INTO User (IDUser, givenname, FLastName, MLastName, Username, AccessKey) VALUES (1, 'María', 'González', 'Díaz', 'RbORAkh9V,z0Dsh3SoMZ', 'tp4D$Vo+8MoSoMZ');
INSERT INTO User (IDUser, givenname, FLastName, MLastName, Username, AccessKey) VALUES (2, 'Alexa', 'Carrillo', 'Molina', 'QgEaFSj$J8q$raW+E(Ct', '40O)ghkW2IkM&I9');
INSERT INTO User (IDUser, givenname, FLastName, MLastName, Username, AccessKey) VALUES (3, 'Alexander', 'Guzmán', 'Chávez', 'S+WAb),Q*ma3OTdCE(Ct', '0ywwQtP+FSu#ESp');
INSERT INTO User (IDUser, givenname, FLastName, MLastName, Username, AccessKey) VALUES (4, 'Sofía', 'Fonseca', 'Murillo', '*7#TVQ+cFKaK(ag8uleD', 'xPorhLKmy0KIK0P');
INSERT INTO User (IDUser, givenname, FLastName, MLastName, Username, AccessKey) VALUES (5, 'Mateo', 'Carrillo', 'Guzmán', '$PsrGyzBN#IrBs(odjqj', 'D3&1LTWk+&WaI&v');
INSERT INTO User (IDUser, givenname, FLastName, MLastName, Username, AccessKey) VALUES (6, 'Cuauhtemoc', 'Pino', 'Ordaz', 'v0w1h7iQn(RXLdlemeCt', 'dIaHtNJ4XfIoWyh');
INSERT INTO User (IDUser, givenname, FLastName, MLastName, Username, AccessKey) VALUES (7, 'Gonzalo', 'Molina', 'Sánchez', 'PhvV52jyUEzSiR63TFMZ', 'N*dvApqyMyIoWyh');
INSERT INTO User (IDUser, givenname, FLastName, MLastName, Username, AccessKey) VALUES (8, 'Ania', 'Ramírez', 'Guzmán', 'SiHRgrEQFkj9#PlhUg8N', 'OgG3KWKmy0KIK0P');
INSERT INTO User (IDUser, givenname, FLastName, MLastName, Username, AccessKey) VALUES (9, 'Alexis', 'Sánchez', 'Mandela', '#U+6ZkEdwSof9N(PtpGJ', 'osK&c3ss)QsYQQ7');
INSERT INTO User (IDUser, givenname, FLastName, MLastName, Username, AccessKey) VALUES (10, 'Juan', 'Revilla', 'Sánchez', '3VBh9m+MF,POFwq$e#UX', 'fJ(b0ymKWKmy0Kr');
INSERT INTO User (IDUser, givenname, FLastName, MLastName, Username, AccessKey) VALUES (11, 'David', 'Peña', 'Pino', ',SqA*3VuaLKAyiRKIK0P', 'roSXxpEEGuEiuu,');
INSERT INTO User (IDUser, givenname, FLastName, MLastName, Username, AccessKey) VALUES (12, 'Pablo', 'Guadarrama', 'Fonseca', 'roxRZYIhQEn$44RMX7mB', '7w1Ta7CQmsC)6sR');
INSERT INTO User (IDUser, givenname, FLastName, MLastName, Username, AccessKey) VALUES (13, 'Ania', 'Valles', 'Fonseca', 'SiHRisp113Um2(dxsGGJ', 'OgG3KWKmy0KIK0P');
INSERT INTO User (IDUser, givenname, FLastName, MLastName, Username, AccessKey) VALUES (14, 'Ania', 'Márquez', 'Nieto', 'I&5qqE3KFF4$zn4sYQQ7', 'OgG3KWKmy0KIK0P');
INSERT INTO User (IDUser, givenname, FLastName, MLastName, Username, AccessKey) VALUES (15, 'Diego', 'Chávez', 'Fernández', 'H9U#+vUH$&0YEvjbbr&v', 'VhGUvDQCY6Q0s6f');
INSERT INTO User (IDUser, givenname, FLastName, MLastName, Username, AccessKey) VALUES (16, 'Cuauhtemoc', 'Sánchez', 'García', 'DeC(ELgTeS6DxK(KTFMZ', 'dIaHtNJ4XfIoWyh');
INSERT INTO User (IDUser, givenname, FLastName, MLastName, Username, AccessKey) VALUES (17, 'Astrolopiteco', 'Carrillo', 'Nieto', 'pNlrjYbl5)JtbHje+yWF', '$7ZlgIa4oSbVto1');
INSERT INTO User (IDUser, givenname, FLastName, MLastName, Username, AccessKey) VALUES (18, 'Alexis', 'Mendoza', 'Márquez', 'cmqKB4Z,hY#hs7yfZzQ7', 'osK&c3ss)QsYQQ7');
INSERT INTO User (IDUser, givenname, FLastName, MLastName, Username, AccessKey) VALUES (19, 'Leonardo', 'Peña', 'Guadarrama', 'X**8qI*+A&YgXCOBqOcV', 'djz0mXniV4OO44x');
INSERT INTO User (IDUser, givenname, FLastName, MLastName, Username, AccessKey) VALUES (20, 'Diego', 'Mandela', 'Guadarrama', 'NdE2&y1J$OK7EXexdjqj', 'VhGUvDQCY6Q0s6f');
INSERT INTO User (IDUser, givenname, FLastName, MLastName, Username, AccessKey) VALUES (21, 'Armando', 'González', 'Mandela', 'QAbd63xvFrCe*ddx9vo1', 'WmLVTy8ME+ag2+L');
INSERT INTO User (IDUser, givenname, FLastName, MLastName, Username, AccessKey) VALUES (22, 'Diego', 'Díaz', 'González', 'pruo5qFYzaLvzRi(+yWF', 'VhGUvDQCY6Q0s6f');
INSERT INTO User (IDUser, givenname, FLastName, MLastName, Username, AccessKey) VALUES (23, 'Leticia', 'López', 'López', 'dAkHTgnVu&ZjRhcHhT+L', 'pGE9uZ(0&m)WYmB');
INSERT INTO User (IDUser, givenname, FLastName, MLastName, Username, AccessKey) VALUES (24, 'David', 'Carrillo', 'Guarnizo', '3u4qS7V5ruI7G$(TSJ6f', 'roSXxpEEGuEiuu,');
INSERT INTO User (IDUser, givenname, FLastName, MLastName, Username, AccessKey) VALUES (25, 'Alexander', 'Ramírez', 'González', 'K&UisKf)I$ObZPTFdjqj', '0ywwQtP+FSu#ESp');
INSERT INTO User (IDUser, givenname, FLastName, MLastName, Username, AccessKey) VALUES (26, 'María', 'Sánchez', 'Ordaz', 'H5&HeWKX#YGu,*iVCiwz', 'tp4D$Vo+8MoSoMZ');
INSERT INTO User (IDUser, givenname, FLastName, MLastName, Username, AccessKey) VALUES (27, 'Pablo', 'Aguilar', 'Peña', 'R#ZFTS+A7yYq(&b*kmY5', '7w1Ta7CQmsC)6sR');
INSERT INTO User (IDUser, givenname, FLastName, MLastName, Username, AccessKey) VALUES (28, 'Alejandra', 'Ordaz', 'Fonseca', 'G#2sxnFTwt9O6dFZIK0P', 'wwM64X8iCQsYQQ7');
INSERT INTO User (IDUser, givenname, FLastName, MLastName, Username, AccessKey) VALUES (29, 'Guadalupe', 'Mendoza', 'Aguilar', 'juvwj)vJBEslaQB&0Nil', 'NA72mwuZE&WaI&v');
INSERT INTO User (IDUser, givenname, FLastName, MLastName, Username, AccessKey) VALUES (30, 'Consuelo', 'Fonseca', 'Márquez', '9VEbbQWS9UeKqH#rrxcV', 'tNAZafc2zGisGGJ');

INSERT INTO Device (IDDevice, AccessKey, Place) VALUES (1, 'qyyF$SyjGym$rKM7eMsZ', 'AssemblyRoom');
INSERT INTO Device (IDDevice, AccessKey, Place) VALUES (2, 'qyyF$SyjGym$rKM7eMsZ', 'AssemblyRoom');
INSERT INTO Device (IDDevice, AccessKey, Place) VALUES (3, 'qyyF$SyjGym$rKM7eMsZ', 'AssemblyRoom');
INSERT INTO Device (IDDevice, AccessKey, Place) VALUES (4, 'qyyF$SyjGym$rKM7eMsZ', 'DryingRoom');
INSERT INTO Device (IDDevice, AccessKey, Place) VALUES (5, 'qyyF$SyjGym$rKM7eMsZ', 'DryingRoom');
INSERT INTO Device (IDDevice, AccessKey, Place) VALUES (6, 'qyyF$SyjGym$rKM7eMsZ', 'SawRoom');
INSERT INTO Device (IDDevice, AccessKey, Place) VALUES (7, 'qyyF$SyjGym$rKM7eMsZ', 'AssemblyRoom');
INSERT INTO Device (IDDevice, AccessKey, Place) VALUES (8, 'qyyF$SyjGym$rKM7eMsZ', 'ShippingRoom');
INSERT INTO Device (IDDevice, AccessKey, Place) VALUES (9, 'qyyF$SyjGym$rKM7eMsZ', 'AssemblyRoom');
INSERT INTO Device (IDDevice, AccessKey, Place) VALUES (10, 'qyyF$SyjGym$rKM7eMsZ', 'AssemblyRoom');
INSERT INTO Device (IDDevice, AccessKey, Place) VALUES (11, 'qyyF$SyjGym$rKM7eMsZ', 'AssemblyRoom');
INSERT INTO Device (IDDevice, AccessKey, Place) VALUES (12, 'qyyF$SyjGym$rKM7eMsZ', 'SawRoom');
INSERT INTO Device (IDDevice, AccessKey, Place) VALUES (13, 'qyyF$SyjGym$rKM7eMsZ', 'ShippingRoom');
INSERT INTO Device (IDDevice, AccessKey, Place) VALUES (14, 'qyyF$SyjGym$rKM7eMsZ', 'SawRoom');
INSERT INTO Device (IDDevice, AccessKey, Place) VALUES (15, 'qyyF$SyjGym$rKM7eMsZ', 'AssemblyRoom');

INSERT INTO User_Device (IDUser, IDDevice) VALUES (29, 13);
INSERT INTO User_Device (IDUser, IDDevice) VALUES (20, 15);
INSERT INTO User_Device (IDUser, IDDevice) VALUES (24, 3);
INSERT INTO User_Device (IDUser, IDDevice) VALUES (15, 12);
INSERT INTO User_Device (IDUser, IDDevice) VALUES (6, 1);
INSERT INTO User_Device (IDUser, IDDevice) VALUES (14, 3);
INSERT INTO User_Device (IDUser, IDDevice) VALUES (15, 10);
INSERT INTO User_Device (IDUser, IDDevice) VALUES (23, 1);
INSERT INTO User_Device (IDUser, IDDevice) VALUES (15, 14);
INSERT INTO User_Device (IDUser, IDDevice) VALUES (20, 14);
INSERT INTO User_Device (IDUser, IDDevice) VALUES (27, 10);
INSERT INTO User_Device (IDUser, IDDevice) VALUES (14, 13);
INSERT INTO User_Device (IDUser, IDDevice) VALUES (20, 6);
INSERT INTO User_Device (IDUser, IDDevice) VALUES (25, 3);
INSERT INTO User_Device (IDUser, IDDevice) VALUES (18, 2);
INSERT INTO User_Device (IDUser, IDDevice) VALUES (22, 3);
INSERT INTO User_Device (IDUser, IDDevice) VALUES (17, 3);
INSERT INTO User_Device (IDUser, IDDevice) VALUES (5, 5);
INSERT INTO User_Device (IDUser, IDDevice) VALUES (12, 1);
INSERT INTO User_Device (IDUser, IDDevice) VALUES (16, 3);

INSERT INTO Record (IDRecord, ReadTime, Temperature, Humidity, Ppm, IDDevice) VALUES (1, '2024-11-03 15:58:49', 84, 6, 67, 10);
INSERT INTO Record (IDRecord, ReadTime, Temperature, Humidity, Ppm, IDDevice) VALUES (2, '2024-11-03 15:58:49', 10, 58, 12, 11);
INSERT INTO Record (IDRecord, ReadTime, Temperature, Humidity, Ppm, IDDevice) VALUES (3, '2024-11-03 15:58:49', 44, 48, 47, 3);
INSERT INTO Record (IDRecord, ReadTime, Temperature, Humidity, Ppm, IDDevice) VALUES (4, '2024-11-03 15:58:49', 90, 14, 63, 2);
INSERT INTO Record (IDRecord, ReadTime, Temperature, Humidity, Ppm, IDDevice) VALUES (5, '2024-11-03 15:58:49', 9, 70, 80, 4);
INSERT INTO Record (IDRecord, ReadTime, Temperature, Humidity, Ppm, IDDevice) VALUES (6, '2024-11-03 15:58:49', 43, 5, 42, 7);
INSERT INTO Record (IDRecord, ReadTime, Temperature, Humidity, Ppm, IDDevice) VALUES (7, '2024-11-03 15:58:49', 40, 48, 85, 6);
INSERT INTO Record (IDRecord, ReadTime, Temperature, Humidity, Ppm, IDDevice) VALUES (8, '2024-11-03 15:58:49', 61, 99, 96, 10);
INSERT INTO Record (IDRecord, ReadTime, Temperature, Humidity, Ppm, IDDevice) VALUES (9, '2024-11-03 15:58:49', 28, 7, 88, 6);
INSERT INTO Record (IDRecord, ReadTime, Temperature, Humidity, Ppm, IDDevice) VALUES (10, '2024-11-03 15:58:49', 68, 30, 72, 1);
INSERT INTO Record (IDRecord, ReadTime, Temperature, Humidity, Ppm, IDDevice) VALUES (11, '2024-11-03 15:58:49', 54, 60, 96, 8);
INSERT INTO Record (IDRecord, ReadTime, Temperature, Humidity, Ppm, IDDevice) VALUES (12, '2024-11-03 15:58:49', 57, 60, 14, 6);
INSERT INTO Record (IDRecord, ReadTime, Temperature, Humidity, Ppm, IDDevice) VALUES (13, '2024-11-03 15:58:49', 94, 55, 31, 10);
INSERT INTO Record (IDRecord, ReadTime, Temperature, Humidity, Ppm, IDDevice) VALUES (14, '2024-11-03 15:58:49', 55, 9, 97, 7);
INSERT INTO Record (IDRecord, ReadTime, Temperature, Humidity, Ppm, IDDevice) VALUES (15, '2024-11-03 15:58:49', 65, 78, 76, 9);
INSERT INTO Record (IDRecord, ReadTime, Temperature, Humidity, Ppm, IDDevice) VALUES (16, '2024-11-03 15:58:49', 63, 2, 39, 12);
INSERT INTO Record (IDRecord, ReadTime, Temperature, Humidity, Ppm, IDDevice) VALUES (17, '2024-11-03 15:58:49', 53, 92, 89, 3);
INSERT INTO Record (IDRecord, ReadTime, Temperature, Humidity, Ppm, IDDevice) VALUES (18, '2024-11-03 15:58:49', 37, 54, 68, 11);
INSERT INTO Record (IDRecord, ReadTime, Temperature, Humidity, Ppm, IDDevice) VALUES (19, '2024-11-03 15:58:49', 64, 30, 77, 14);
INSERT INTO Record (IDRecord, ReadTime, Temperature, Humidity, Ppm, IDDevice) VALUES (20, '2024-11-03 15:58:49', 92, 21, 28, 7);
INSERT INTO Record (IDRecord, ReadTime, Temperature, Humidity, Ppm, IDDevice) VALUES (21, '2024-11-03 15:58:49', 1, 25, 74, 2);
INSERT INTO Record (IDRecord, ReadTime, Temperature, Humidity, Ppm, IDDevice) VALUES (22, '2024-11-03 15:58:49', 6, 61, 56, 14);
INSERT INTO Record (IDRecord, ReadTime, Temperature, Humidity, Ppm, IDDevice) VALUES (23, '2024-11-03 15:58:49', 1, 29, 33, 8);
INSERT INTO Record (IDRecord, ReadTime, Temperature, Humidity, Ppm, IDDevice) VALUES (24, '2024-11-03 15:58:49', 50, 83, 32, 4);
INSERT INTO Record (IDRecord, ReadTime, Temperature, Humidity, Ppm, IDDevice) VALUES (25, '2024-11-03 15:58:49', 51, 68, 31, 4);
INSERT INTO Record (IDRecord, ReadTime, Temperature, Humidity, Ppm, IDDevice) VALUES (26, '2024-11-03 15:58:49', 47, 44, 8, 6);
INSERT INTO Record (IDRecord, ReadTime, Temperature, Humidity, Ppm, IDDevice) VALUES (27, '2024-11-03 15:58:49', 73, 17, 90, 11);
INSERT INTO Record (IDRecord, ReadTime, Temperature, Humidity, Ppm, IDDevice) VALUES (28, '2024-11-03 15:58:49', 32, 37, 7, 12);
INSERT INTO Record (IDRecord, ReadTime, Temperature, Humidity, Ppm, IDDevice) VALUES (29, '2024-11-03 15:58:49', 65, 85, 35, 1);
INSERT INTO Record (IDRecord, ReadTime, Temperature, Humidity, Ppm, IDDevice) VALUES (30, '2024-11-03 15:58:49', 31, 57, 18, 9);
INSERT INTO Record (IDRecord, ReadTime, Temperature, Humidity, Ppm, IDDevice) VALUES (31, '2024-11-03 15:58:49', 85, 10, 38, 6);
INSERT INTO Record (IDRecord, ReadTime, Temperature, Humidity, Ppm, IDDevice) VALUES (32, '2024-11-03 15:58:49', 48, 55, 23, 2);
INSERT INTO Record (IDRecord, ReadTime, Temperature, Humidity, Ppm, IDDevice) VALUES (33, '2024-11-03 15:58:49', 43, 71, 45, 5);
INSERT INTO Record (IDRecord, ReadTime, Temperature, Humidity, Ppm, IDDevice) VALUES (34, '2024-11-03 15:58:49', 9, 10, 16, 4);
INSERT INTO Record (IDRecord, ReadTime, Temperature, Humidity, Ppm, IDDevice) VALUES (35, '2024-11-03 15:58:49', 14, 78, 37, 5);
INSERT INTO Record (IDRecord, ReadTime, Temperature, Humidity, Ppm, IDDevice) VALUES (36, '2024-11-03 15:58:49', 60, 87, 11, 12);
INSERT INTO Record (IDRecord, ReadTime, Temperature, Humidity, Ppm, IDDevice) VALUES (37, '2024-11-03 15:58:49', 23, 66, 11, 12);
INSERT INTO Record (IDRecord, ReadTime, Temperature, Humidity, Ppm, IDDevice) VALUES (38, '2024-11-03 15:58:49', 78, 2, 1, 8);
INSERT INTO Record (IDRecord, ReadTime, Temperature, Humidity, Ppm, IDDevice) VALUES (39, '2024-11-03 15:58:49', 8, 89, 12, 13);
INSERT INTO Record (IDRecord, ReadTime, Temperature, Humidity, Ppm, IDDevice) VALUES (40, '2024-11-03 15:58:49', 31, 34, 48, 1);
INSERT INTO Record (IDRecord, ReadTime, Temperature, Humidity, Ppm, IDDevice) VALUES (41, '2024-11-03 15:58:49', 40, 62, 29, 8);
INSERT INTO Record (IDRecord, ReadTime, Temperature, Humidity, Ppm, IDDevice) VALUES (42, '2024-11-03 15:58:49', 76, 80, 3, 6);
INSERT INTO Record (IDRecord, ReadTime, Temperature, Humidity, Ppm, IDDevice) VALUES (43, '2024-11-03 15:58:49', 77, 56, 20, 6);
INSERT INTO Record (IDRecord, ReadTime, Temperature, Humidity, Ppm, IDDevice) VALUES (44, '2024-11-03 15:58:49', 4, 60, 22, 8);
INSERT INTO Record (IDRecord, ReadTime, Temperature, Humidity, Ppm, IDDevice) VALUES (45, '2024-11-03 15:58:49', 65, 90, 6, 13);
INSERT INTO Record (IDRecord, ReadTime, Temperature, Humidity, Ppm, IDDevice) VALUES (46, '2024-11-03 15:58:49', 7, 40, 43, 4);
INSERT INTO Record (IDRecord, ReadTime, Temperature, Humidity, Ppm, IDDevice) VALUES (47, '2024-11-03 15:58:49', 95, 85, 11, 7);
INSERT INTO Record (IDRecord, ReadTime, Temperature, Humidity, Ppm, IDDevice) VALUES (48, '2024-11-03 15:58:49', 83, 11, 62, 12);
INSERT INTO Record (IDRecord, ReadTime, Temperature, Humidity, Ppm, IDDevice) VALUES (49, '2024-11-03 15:58:49', 55, 57, 21, 12);
INSERT INTO Record (IDRecord, ReadTime, Temperature, Humidity, Ppm, IDDevice) VALUES (50, '2024-11-03 15:58:49', 14, 15, 66, 3);
INSERT INTO Record (IDRecord, ReadTime, Temperature, Humidity, Ppm, IDDevice) VALUES (51, '2024-11-03 15:58:49', 85, 52, 85, 7);
INSERT INTO Record (IDRecord, ReadTime, Temperature, Humidity, Ppm, IDDevice) VALUES (52, '2024-11-03 15:58:49', 4, 19, 2, 10);
INSERT INTO Record (IDRecord, ReadTime, Temperature, Humidity, Ppm, IDDevice) VALUES (53, '2024-11-03 15:58:49', 54, 33, 23, 6);
INSERT INTO Record (IDRecord, ReadTime, Temperature, Humidity, Ppm, IDDevice) VALUES (54, '2024-11-03 15:58:49', 91, 86, 1, 3);
INSERT INTO Record (IDRecord, ReadTime, Temperature, Humidity, Ppm, IDDevice) VALUES (55, '2024-11-03 15:58:49', 28, 46, 94, 7);
INSERT INTO Record (IDRecord, ReadTime, Temperature, Humidity, Ppm, IDDevice) VALUES (56, '2024-11-03 15:58:49', 30, 86, 75, 10);
INSERT INTO Record (IDRecord, ReadTime, Temperature, Humidity, Ppm, IDDevice) VALUES (57, '2024-11-03 15:58:49', 55, 95, 59, 8);
INSERT INTO Record (IDRecord, ReadTime, Temperature, Humidity, Ppm, IDDevice) VALUES (58, '2024-11-03 15:58:49', 66, 22, 25, 8);
INSERT INTO Record (IDRecord, ReadTime, Temperature, Humidity, Ppm, IDDevice) VALUES (59, '2024-11-03 15:58:49', 83, 57, 38, 15);
INSERT INTO Record (IDRecord, ReadTime, Temperature, Humidity, Ppm, IDDevice) VALUES (60, '2024-11-03 15:58:49', 45, 97, 72, 4);
INSERT INTO Record (IDRecord, ReadTime, Temperature, Humidity, Ppm, IDDevice) VALUES (61, '2024-11-03 15:58:49', 35, 0, 36, 11);
INSERT INTO Record (IDRecord, ReadTime, Temperature, Humidity, Ppm, IDDevice) VALUES (62, '2024-11-03 15:58:49', 45, 1, 23, 9);
INSERT INTO Record (IDRecord, ReadTime, Temperature, Humidity, Ppm, IDDevice) VALUES (63, '2024-11-03 15:58:49', 21, 45, 23, 5);
INSERT INTO Record (IDRecord, ReadTime, Temperature, Humidity, Ppm, IDDevice) VALUES (64, '2024-11-03 15:58:49', 14, 32, 81, 15);
INSERT INTO Record (IDRecord, ReadTime, Temperature, Humidity, Ppm, IDDevice) VALUES (65, '2024-11-03 15:58:49', 8, 41, 20, 7);
INSERT INTO Record (IDRecord, ReadTime, Temperature, Humidity, Ppm, IDDevice) VALUES (66, '2024-11-03 15:58:49', 88, 46, 84, 3);
INSERT INTO Record (IDRecord, ReadTime, Temperature, Humidity, Ppm, IDDevice) VALUES (67, '2024-11-03 15:58:49', 85, 24, 95, 6);
INSERT INTO Record (IDRecord, ReadTime, Temperature, Humidity, Ppm, IDDevice) VALUES (68, '2024-11-03 15:58:49', 54, 73, 4, 9);
INSERT INTO Record (IDRecord, ReadTime, Temperature, Humidity, Ppm, IDDevice) VALUES (69, '2024-11-03 15:58:49', 58, 83, 23, 13);
INSERT INTO Record (IDRecord, ReadTime, Temperature, Humidity, Ppm, IDDevice) VALUES (70, '2024-11-03 15:58:49', 30, 16, 69, 3);
INSERT INTO Record (IDRecord, ReadTime, Temperature, Humidity, Ppm, IDDevice) VALUES (71, '2024-11-03 15:58:49', 82, 42, 32, 1);
INSERT INTO Record (IDRecord, ReadTime, Temperature, Humidity, Ppm, IDDevice) VALUES (72, '2024-11-03 15:58:49', 87, 61, 29, 11);
INSERT INTO Record (IDRecord, ReadTime, Temperature, Humidity, Ppm, IDDevice) VALUES (73, '2024-11-03 15:58:49', 38, 50, 47, 11);
INSERT INTO Record (IDRecord, ReadTime, Temperature, Humidity, Ppm, IDDevice) VALUES (74, '2024-11-03 15:58:49', 81, 7, 67, 10);
INSERT INTO Record (IDRecord, ReadTime, Temperature, Humidity, Ppm, IDDevice) VALUES (75, '2024-11-03 15:58:49', 58, 24, 74, 5);
INSERT INTO Record (IDRecord, ReadTime, Temperature, Humidity, Ppm, IDDevice) VALUES (76, '2024-11-03 15:58:49', 40, 64, 54, 9);
INSERT INTO Record (IDRecord, ReadTime, Temperature, Humidity, Ppm, IDDevice) VALUES (77, '2024-11-03 15:58:49', 62, 65, 65, 12);
INSERT INTO Record (IDRecord, ReadTime, Temperature, Humidity, Ppm, IDDevice) VALUES (78, '2024-11-03 15:58:49', 53, 72, 58, 14);
INSERT INTO Record (IDRecord, ReadTime, Temperature, Humidity, Ppm, IDDevice) VALUES (79, '2024-11-03 15:58:49', 45, 56, 22, 13);
INSERT INTO Record (IDRecord, ReadTime, Temperature, Humidity, Ppm, IDDevice) VALUES (80, '2024-11-03 15:58:49', 75, 28, 86, 14);
INSERT INTO Record (IDRecord, ReadTime, Temperature, Humidity, Ppm, IDDevice) VALUES (81, '2024-11-03 15:58:49', 2, 67, 58, 6);
INSERT INTO Record (IDRecord, ReadTime, Temperature, Humidity, Ppm, IDDevice) VALUES (82, '2024-11-03 15:58:49', 56, 64, 49, 15);
INSERT INTO Record (IDRecord, ReadTime, Temperature, Humidity, Ppm, IDDevice) VALUES (83, '2024-11-03 15:58:49', 70, 23, 62, 8);
INSERT INTO Record (IDRecord, ReadTime, Temperature, Humidity, Ppm, IDDevice) VALUES (84, '2024-11-03 15:58:49', 54, 26, 2, 5);
INSERT INTO Record (IDRecord, ReadTime, Temperature, Humidity, Ppm, IDDevice) VALUES (85, '2024-11-03 15:58:49', 83, 55, 10, 13);
INSERT INTO Record (IDRecord, ReadTime, Temperature, Humidity, Ppm, IDDevice) VALUES (86, '2024-11-03 15:58:49', 62, 17, 28, 5);
INSERT INTO Record (IDRecord, ReadTime, Temperature, Humidity, Ppm, IDDevice) VALUES (87, '2024-11-03 15:58:49', 40, 96, 65, 9);
INSERT INTO Record (IDRecord, ReadTime, Temperature, Humidity, Ppm, IDDevice) VALUES (88, '2024-11-03 15:58:49', 56, 62, 42, 6);
INSERT INTO Record (IDRecord, ReadTime, Temperature, Humidity, Ppm, IDDevice) VALUES (89, '2024-11-03 15:58:49', 15, 64, 71, 7);
INSERT INTO Record (IDRecord, ReadTime, Temperature, Humidity, Ppm, IDDevice) VALUES (90, '2024-11-03 15:58:49', 1, 86, 63, 3);
INSERT INTO Record (IDRecord, ReadTime, Temperature, Humidity, Ppm, IDDevice) VALUES (91, '2024-11-03 15:58:49', 81, 74, 14, 7);
INSERT INTO Record (IDRecord, ReadTime, Temperature, Humidity, Ppm, IDDevice) VALUES (92, '2024-11-03 15:58:49', 24, 58, 43, 12);
INSERT INTO Record (IDRecord, ReadTime, Temperature, Humidity, Ppm, IDDevice) VALUES (93, '2024-11-03 15:58:49', 18, 16, 14, 13);
INSERT INTO Record (IDRecord, ReadTime, Temperature, Humidity, Ppm, IDDevice) VALUES (94, '2024-11-03 15:58:49', 53, 2, 1, 12);
INSERT INTO Record (IDRecord, ReadTime, Temperature, Humidity, Ppm, IDDevice) VALUES (95, '2024-11-03 15:58:49', 26, 30, 69, 10);
INSERT INTO Record (IDRecord, ReadTime, Temperature, Humidity, Ppm, IDDevice) VALUES (96, '2024-11-03 15:58:49', 81, 31, 35, 13);
INSERT INTO Record (IDRecord, ReadTime, Temperature, Humidity, Ppm, IDDevice) VALUES (97, '2024-11-03 15:58:49', 89, 32, 7, 9);
INSERT INTO Record (IDRecord, ReadTime, Temperature, Humidity, Ppm, IDDevice) VALUES (98, '2024-11-03 15:58:49', 84, 44, 25, 6);
INSERT INTO Record (IDRecord, ReadTime, Temperature, Humidity, Ppm, IDDevice) VALUES (99, '2024-11-03 15:58:49', 48, 55, 91, 9);
INSERT INTO Record (IDRecord, ReadTime, Temperature, Humidity, Ppm, IDDevice) VALUES (100, '2024-11-03 15:58:49', 62, 1, 99, 9);
INSERT INTO Record (IDRecord, ReadTime, Temperature, Humidity, Ppm, IDDevice) VALUES (101, '2024-11-03 15:58:49', 26, 5, 33, 6);
INSERT INTO Record (IDRecord, ReadTime, Temperature, Humidity, Ppm, IDDevice) VALUES (102, '2024-11-03 15:58:49', 35, 23, 54, 7);
INSERT INTO Record (IDRecord, ReadTime, Temperature, Humidity, Ppm, IDDevice) VALUES (103, '2024-11-03 15:58:49', 56, 13, 45, 11);
INSERT INTO Record (IDRecord, ReadTime, Temperature, Humidity, Ppm, IDDevice) VALUES (104, '2024-11-03 15:58:49', 47, 10, 62, 9);
INSERT INTO Record (IDRecord, ReadTime, Temperature, Humidity, Ppm, IDDevice) VALUES (105, '2024-11-03 15:58:49', 97, 55, 90, 8);
INSERT INTO Record (IDRecord, ReadTime, Temperature, Humidity, Ppm, IDDevice) VALUES (106, '2024-11-03 15:58:49', 54, 91, 71, 14);
INSERT INTO Record (IDRecord, ReadTime, Temperature, Humidity, Ppm, IDDevice) VALUES (107, '2024-11-03 15:58:49', 23, 38, 57, 10);
INSERT INTO Record (IDRecord, ReadTime, Temperature, Humidity, Ppm, IDDevice) VALUES (108, '2024-11-03 15:58:49', 85, 98, 36, 7);
INSERT INTO Record (IDRecord, ReadTime, Temperature, Humidity, Ppm, IDDevice) VALUES (109, '2024-11-03 15:58:49', 27, 1, 58, 15);
INSERT INTO Record (IDRecord, ReadTime, Temperature, Humidity, Ppm, IDDevice) VALUES (110, '2024-11-03 15:58:49', 59, 85, 51, 8);
INSERT INTO Record (IDRecord, ReadTime, Temperature, Humidity, Ppm, IDDevice) VALUES (111, '2024-11-03 15:58:49', 45, 61, 43, 9);
INSERT INTO Record (IDRecord, ReadTime, Temperature, Humidity, Ppm, IDDevice) VALUES (112, '2024-11-03 15:58:49', 29, 15, 35, 1);
INSERT INTO Record (IDRecord, ReadTime, Temperature, Humidity, Ppm, IDDevice) VALUES (113, '2024-11-03 15:58:49', 38, 43, 16, 7);
INSERT INTO Record (IDRecord, ReadTime, Temperature, Humidity, Ppm, IDDevice) VALUES (114, '2024-11-03 15:58:49', 98, 47, 25, 11);
INSERT INTO Record (IDRecord, ReadTime, Temperature, Humidity, Ppm, IDDevice) VALUES (115, '2024-11-03 15:58:49', 80, 14, 76, 14);
INSERT INTO Record (IDRecord, ReadTime, Temperature, Humidity, Ppm, IDDevice) VALUES (116, '2024-11-03 15:58:49', 92, 70, 47, 3);
INSERT INTO Record (IDRecord, ReadTime, Temperature, Humidity, Ppm, IDDevice) VALUES (117, '2024-11-03 15:58:49', 2, 41, 86, 8);
INSERT INTO Record (IDRecord, ReadTime, Temperature, Humidity, Ppm, IDDevice) VALUES (118, '2024-11-03 15:58:49', 53, 28, 7, 15);
INSERT INTO Record (IDRecord, ReadTime, Temperature, Humidity, Ppm, IDDevice) VALUES (119, '2024-11-03 15:58:49', 1, 79, 45, 15);
INSERT INTO Record (IDRecord, ReadTime, Temperature, Humidity, Ppm, IDDevice) VALUES (120, '2024-11-03 15:58:49', 47, 39, 22, 10);
INSERT INTO Record (IDRecord, ReadTime, Temperature, Humidity, Ppm, IDDevice) VALUES (121, '2024-11-03 15:58:49', 76, 93, 17, 6);
INSERT INTO Record (IDRecord, ReadTime, Temperature, Humidity, Ppm, IDDevice) VALUES (122, '2024-11-03 15:58:49', 89, 75, 63, 6);
INSERT INTO Record (IDRecord, ReadTime, Temperature, Humidity, Ppm, IDDevice) VALUES (123, '2024-11-03 15:58:49', 29, 0, 51, 6);
INSERT INTO Record (IDRecord, ReadTime, Temperature, Humidity, Ppm, IDDevice) VALUES (124, '2024-11-03 15:58:49', 23, 80, 75, 13);
INSERT INTO Record (IDRecord, ReadTime, Temperature, Humidity, Ppm, IDDevice) VALUES (125, '2024-11-03 15:58:49', 94, 85, 17, 15);
INSERT INTO Record (IDRecord, ReadTime, Temperature, Humidity, Ppm, IDDevice) VALUES (126, '2024-11-03 15:58:49', 26, 35, 60, 3);
INSERT INTO Record (IDRecord, ReadTime, Temperature, Humidity, Ppm, IDDevice) VALUES (127, '2024-11-03 15:58:49', 29, 31, 40, 10);
INSERT INTO Record (IDRecord, ReadTime, Temperature, Humidity, Ppm, IDDevice) VALUES (128, '2024-11-03 15:58:49', 33, 78, 11, 11);
INSERT INTO Record (IDRecord, ReadTime, Temperature, Humidity, Ppm, IDDevice) VALUES (129, '2024-11-03 15:58:49', 68, 96, 24, 1);
INSERT INTO Record (IDRecord, ReadTime, Temperature, Humidity, Ppm, IDDevice) VALUES (130, '2024-11-03 15:58:49', 2, 79, 80, 3);
INSERT INTO Record (IDRecord, ReadTime, Temperature, Humidity, Ppm, IDDevice) VALUES (131, '2024-11-03 15:58:49', 37, 40, 24, 3);
INSERT INTO Record (IDRecord, ReadTime, Temperature, Humidity, Ppm, IDDevice) VALUES (132, '2024-11-03 15:58:49', 3, 93, 18, 15);
INSERT INTO Record (IDRecord, ReadTime, Temperature, Humidity, Ppm, IDDevice) VALUES (133, '2024-11-03 15:58:49', 75, 84, 87, 13);
INSERT INTO Record (IDRecord, ReadTime, Temperature, Humidity, Ppm, IDDevice) VALUES (134, '2024-11-03 15:58:49', 97, 67, 64, 1);
INSERT INTO Record (IDRecord, ReadTime, Temperature, Humidity, Ppm, IDDevice) VALUES (135, '2024-11-03 15:58:49', 59, 0, 51, 9);
INSERT INTO Record (IDRecord, ReadTime, Temperature, Humidity, Ppm, IDDevice) VALUES (136, '2024-11-03 15:58:49', 64, 71, 5, 15);
INSERT INTO Record (IDRecord, ReadTime, Temperature, Humidity, Ppm, IDDevice) VALUES (137, '2024-11-03 15:58:49', 97, 30, 42, 6);
INSERT INTO Record (IDRecord, ReadTime, Temperature, Humidity, Ppm, IDDevice) VALUES (138, '2024-11-03 15:58:49', 33, 4, 25, 12);
INSERT INTO Record (IDRecord, ReadTime, Temperature, Humidity, Ppm, IDDevice) VALUES (139, '2024-11-03 15:58:49', 1, 29, 33, 8);
INSERT INTO Record (IDRecord, ReadTime, Temperature, Humidity, Ppm, IDDevice) VALUES (140, '2024-11-03 15:58:49', 27, 21, 58, 15);
INSERT INTO Record (IDRecord, ReadTime, Temperature, Humidity, Ppm, IDDevice) VALUES (141, '2024-11-03 15:58:49', 42, 14, 68, 14);
INSERT INTO Record (IDRecord, ReadTime, Temperature, Humidity, Ppm, IDDevice) VALUES (142, '2024-11-03 15:58:49', 98, 52, 96, 3);
INSERT INTO Record (IDRecord, ReadTime, Temperature, Humidity, Ppm, IDDevice) VALUES (143, '2024-11-03 15:58:49', 90, 67, 72, 4);
INSERT INTO Record (IDRecord, ReadTime, Temperature, Humidity, Ppm, IDDevice) VALUES (144, '2024-11-03 15:58:49', 95, 31, 2, 1);
INSERT INTO Record (IDRecord, ReadTime, Temperature, Humidity, Ppm, IDDevice) VALUES (145, '2024-11-03 15:58:49', 11, 67, 79, 15);
INSERT INTO Record (IDRecord, ReadTime, Temperature, Humidity, Ppm, IDDevice) VALUES (146, '2024-11-03 15:58:49', 82, 70, 2, 8);
INSERT INTO Record (IDRecord, ReadTime, Temperature, Humidity, Ppm, IDDevice) VALUES (147, '2024-11-03 15:58:49', 11, 91, 59, 4);
INSERT INTO Record (IDRecord, ReadTime, Temperature, Humidity, Ppm, IDDevice) VALUES (148, '2024-11-03 15:58:49', 39, 11, 64, 10);
INSERT INTO Record (IDRecord, ReadTime, Temperature, Humidity, Ppm, IDDevice) VALUES (149, '2024-11-03 15:58:49', 89, 9, 99, 15);
INSERT INTO Record (IDRecord, ReadTime, Temperature, Humidity, Ppm, IDDevice) VALUES (150, '2024-11-03 15:58:49', 70, 97, 84, 3);
INSERT INTO Record (IDRecord, ReadTime, Temperature, Humidity, Ppm, IDDevice) VALUES (151, '2024-11-03 15:58:49', 71, 31, 33, 7);
INSERT INTO Record (IDRecord, ReadTime, Temperature, Humidity, Ppm, IDDevice) VALUES (152, '2024-11-03 15:58:49', 23, 9, 44, 13);
INSERT INTO Record (IDRecord, ReadTime, Temperature, Humidity, Ppm, IDDevice) VALUES (153, '2024-11-03 15:58:49', 50, 68, 79, 14);
INSERT INTO Record (IDRecord, ReadTime, Temperature, Humidity, Ppm, IDDevice) VALUES (154, '2024-11-03 15:58:49', 66, 32, 31, 4);
INSERT INTO Record (IDRecord, ReadTime, Temperature, Humidity, Ppm, IDDevice) VALUES (155, '2024-11-03 15:58:49', 22, 7, 17, 15);
INSERT INTO Record (IDRecord, ReadTime, Temperature, Humidity, Ppm, IDDevice) VALUES (156, '2024-11-03 15:58:49', 96, 88, 60, 3);
INSERT INTO Record (IDRecord, ReadTime, Temperature, Humidity, Ppm, IDDevice) VALUES (157, '2024-11-03 15:58:49', 75, 90, 29, 2);
INSERT INTO Record (IDRecord, ReadTime, Temperature, Humidity, Ppm, IDDevice) VALUES (158, '2024-11-03 15:58:49', 0, 14, 75, 8);
INSERT INTO Record (IDRecord, ReadTime, Temperature, Humidity, Ppm, IDDevice) VALUES (159, '2024-11-03 15:58:49', 56, 17, 36, 7);
INSERT INTO Record (IDRecord, ReadTime, Temperature, Humidity, Ppm, IDDevice) VALUES (160, '2024-11-03 15:58:49', 27, 34, 31, 5);
INSERT INTO Record (IDRecord, ReadTime, Temperature, Humidity, Ppm, IDDevice) VALUES (161, '2024-11-03 15:58:49', 87, 85, 86, 8);
INSERT INTO Record (IDRecord, ReadTime, Temperature, Humidity, Ppm, IDDevice) VALUES (162, '2024-11-03 15:58:49', 44, 27, 55, 15);
INSERT INTO Record (IDRecord, ReadTime, Temperature, Humidity, Ppm, IDDevice) VALUES (163, '2024-11-03 15:58:49', 11, 45, 25, 6);
INSERT INTO Record (IDRecord, ReadTime, Temperature, Humidity, Ppm, IDDevice) VALUES (164, '2024-11-03 15:58:49', 97, 47, 22, 2);
INSERT INTO Record (IDRecord, ReadTime, Temperature, Humidity, Ppm, IDDevice) VALUES (165, '2024-11-03 15:58:49', 13, 72, 38, 12);
INSERT INTO Record (IDRecord, ReadTime, Temperature, Humidity, Ppm, IDDevice) VALUES (166, '2024-11-03 15:58:49', 20, 56, 75, 1);
INSERT INTO Record (IDRecord, ReadTime, Temperature, Humidity, Ppm, IDDevice) VALUES (167, '2024-11-03 15:58:49', 88, 41, 15, 6);
INSERT INTO Record (IDRecord, ReadTime, Temperature, Humidity, Ppm, IDDevice) VALUES (168, '2024-11-03 15:58:49', 63, 6, 17, 4);
INSERT INTO Record (IDRecord, ReadTime, Temperature, Humidity, Ppm, IDDevice) VALUES (169, '2024-11-03 15:58:49', 49, 93, 19, 12);
INSERT INTO Record (IDRecord, ReadTime, Temperature, Humidity, Ppm, IDDevice) VALUES (170, '2024-11-03 15:58:49', 52, 26, 36, 15);
INSERT INTO Record (IDRecord, ReadTime, Temperature, Humidity, Ppm, IDDevice) VALUES (171, '2024-11-03 15:58:49', 56, 0, 69, 10);
INSERT INTO Record (IDRecord, ReadTime, Temperature, Humidity, Ppm, IDDevice) VALUES (172, '2024-11-03 15:58:49', 86, 61, 46, 7);
INSERT INTO Record (IDRecord, ReadTime, Temperature, Humidity, Ppm, IDDevice) VALUES (173, '2024-11-03 15:58:49', 17, 25, 10, 8);
INSERT INTO Record (IDRecord, ReadTime, Temperature, Humidity, Ppm, IDDevice) VALUES (174, '2024-11-03 15:58:49', 7, 19, 34, 8);
INSERT INTO Record (IDRecord, ReadTime, Temperature, Humidity, Ppm, IDDevice) VALUES (175, '2024-11-03 15:58:49', 7, 10, 10, 10);
INSERT INTO Record (IDRecord, ReadTime, Temperature, Humidity, Ppm, IDDevice) VALUES (176, '2024-11-03 15:58:49', 95, 0, 9, 11);
INSERT INTO Record (IDRecord, ReadTime, Temperature, Humidity, Ppm, IDDevice) VALUES (177, '2024-11-03 15:58:49', 97, 24, 96, 6);
INSERT INTO Record (IDRecord, ReadTime, Temperature, Humidity, Ppm, IDDevice) VALUES (178, '2024-11-03 15:58:49', 75, 78, 20, 14);
INSERT INTO Record (IDRecord, ReadTime, Temperature, Humidity, Ppm, IDDevice) VALUES (179, '2024-11-03 15:58:49', 60, 25, 11, 5);
INSERT INTO Record (IDRecord, ReadTime, Temperature, Humidity, Ppm, IDDevice) VALUES (180, '2024-11-03 15:58:49', 51, 41, 11, 2);
INSERT INTO Record (IDRecord, ReadTime, Temperature, Humidity, Ppm, IDDevice) VALUES (181, '2024-11-03 15:58:49', 58, 77, 33, 9);
INSERT INTO Record (IDRecord, ReadTime, Temperature, Humidity, Ppm, IDDevice) VALUES (182, '2024-11-03 15:58:49', 15, 34, 29, 9);
INSERT INTO Record (IDRecord, ReadTime, Temperature, Humidity, Ppm, IDDevice) VALUES (183, '2024-11-03 15:58:49', 14, 52, 31, 4);
INSERT INTO Record (IDRecord, ReadTime, Temperature, Humidity, Ppm, IDDevice) VALUES (184, '2024-11-03 15:58:49', 72, 32, 94, 13);
INSERT INTO Record (IDRecord, ReadTime, Temperature, Humidity, Ppm, IDDevice) VALUES (185, '2024-11-03 15:58:49', 18, 40, 7, 14);
INSERT INTO Record (IDRecord, ReadTime, Temperature, Humidity, Ppm, IDDevice) VALUES (186, '2024-11-03 15:58:49', 72, 71, 44, 8);
INSERT INTO Record (IDRecord, ReadTime, Temperature, Humidity, Ppm, IDDevice) VALUES (187, '2024-11-03 15:58:49', 87, 28, 9, 8);
INSERT INTO Record (IDRecord, ReadTime, Temperature, Humidity, Ppm, IDDevice) VALUES (188, '2024-11-03 15:58:49', 29, 40, 90, 3);
INSERT INTO Record (IDRecord, ReadTime, Temperature, Humidity, Ppm, IDDevice) VALUES (189, '2024-11-03 15:58:49', 72, 17, 98, 1);
INSERT INTO Record (IDRecord, ReadTime, Temperature, Humidity, Ppm, IDDevice) VALUES (190, '2024-11-03 15:58:49', 79, 46, 88, 4);
INSERT INTO Record (IDRecord, ReadTime, Temperature, Humidity, Ppm, IDDevice) VALUES (191, '2024-11-03 15:58:49', 4, 24, 57, 6);
INSERT INTO Record (IDRecord, ReadTime, Temperature, Humidity, Ppm, IDDevice) VALUES (192, '2024-11-03 15:58:49', 81, 92, 89, 9);
INSERT INTO Record (IDRecord, ReadTime, Temperature, Humidity, Ppm, IDDevice) VALUES (193, '2024-11-03 15:58:49', 60, 82, 45, 6);
INSERT INTO Record (IDRecord, ReadTime, Temperature, Humidity, Ppm, IDDevice) VALUES (194, '2024-11-03 15:58:49', 48, 32, 28, 1);
INSERT INTO Record (IDRecord, ReadTime, Temperature, Humidity, Ppm, IDDevice) VALUES (195, '2024-11-03 15:58:49', 66, 40, 28, 13);
INSERT INTO Record (IDRecord, ReadTime, Temperature, Humidity, Ppm, IDDevice) VALUES (196, '2024-11-03 15:58:49', 31, 85, 35, 15);
INSERT INTO Record (IDRecord, ReadTime, Temperature, Humidity, Ppm, IDDevice) VALUES (197, '2024-11-03 15:58:49', 88, 85, 67, 3);
INSERT INTO Record (IDRecord, ReadTime, Temperature, Humidity, Ppm, IDDevice) VALUES (198, '2024-11-03 15:58:49', 40, 2, 91, 15);
INSERT INTO Record (IDRecord, ReadTime, Temperature, Humidity, Ppm, IDDevice) VALUES (199, '2024-11-03 15:58:49', 69, 2, 71, 5);
INSERT INTO Record (IDRecord, ReadTime, Temperature, Humidity, Ppm, IDDevice) VALUES (200, '2024-11-03 15:58:49', 26, 41, 22, 3);
INSERT INTO Record (IDRecord, ReadTime, Temperature, Humidity, Ppm, IDDevice) VALUES (201, '2024-11-03 15:58:49', 99, 61, 69, 11);
INSERT INTO Record (IDRecord, ReadTime, Temperature, Humidity, Ppm, IDDevice) VALUES (202, '2024-11-03 15:58:49', 53, 34, 11, 15);
INSERT INTO Record (IDRecord, ReadTime, Temperature, Humidity, Ppm, IDDevice) VALUES (203, '2024-11-03 15:58:49', 48, 53, 67, 13);
INSERT INTO Record (IDRecord, ReadTime, Temperature, Humidity, Ppm, IDDevice) VALUES (204, '2024-11-03 15:58:49', 14, 9, 22, 13);
INSERT INTO Record (IDRecord, ReadTime, Temperature, Humidity, Ppm, IDDevice) VALUES (205, '2024-11-03 15:58:49', 97, 48, 2, 12);
INSERT INTO Record (IDRecord, ReadTime, Temperature, Humidity, Ppm, IDDevice) VALUES (206, '2024-11-03 15:58:49', 56, 59, 73, 2);
INSERT INTO Record (IDRecord, ReadTime, Temperature, Humidity, Ppm, IDDevice) VALUES (207, '2024-11-03 15:58:49', 94, 89, 90, 15);
INSERT INTO Record (IDRecord, ReadTime, Temperature, Humidity, Ppm, IDDevice) VALUES (208, '2024-11-03 15:58:49', 84, 86, 81, 15);
INSERT INTO Record (IDRecord, ReadTime, Temperature, Humidity, Ppm, IDDevice) VALUES (209, '2024-11-03 15:58:49', 76, 35, 49, 10);
INSERT INTO Record (IDRecord, ReadTime, Temperature, Humidity, Ppm, IDDevice) VALUES (210, '2024-11-03 15:58:49', 49, 16, 23, 9);
INSERT INTO Record (IDRecord, ReadTime, Temperature, Humidity, Ppm, IDDevice) VALUES (211, '2024-11-03 15:58:49', 53, 48, 32, 14);
INSERT INTO Record (IDRecord, ReadTime, Temperature, Humidity, Ppm, IDDevice) VALUES (212, '2024-11-03 15:58:49', 80, 20, 79, 6);
INSERT INTO Record (IDRecord, ReadTime, Temperature, Humidity, Ppm, IDDevice) VALUES (213, '2024-11-03 15:58:49', 52, 98, 36, 6);
INSERT INTO Record (IDRecord, ReadTime, Temperature, Humidity, Ppm, IDDevice) VALUES (214, '2024-11-03 15:58:49', 94, 48, 20, 4);
INSERT INTO Record (IDRecord, ReadTime, Temperature, Humidity, Ppm, IDDevice) VALUES (215, '2024-11-03 15:58:49', 58, 46, 70, 15);
INSERT INTO Record (IDRecord, ReadTime, Temperature, Humidity, Ppm, IDDevice) VALUES (216, '2024-11-03 15:58:49', 13, 69, 33, 1);
INSERT INTO Record (IDRecord, ReadTime, Temperature, Humidity, Ppm, IDDevice) VALUES (217, '2024-11-03 15:58:49', 22, 92, 51, 15);
INSERT INTO Record (IDRecord, ReadTime, Temperature, Humidity, Ppm, IDDevice) VALUES (218, '2024-11-03 15:58:49', 75, 98, 42, 9);
INSERT INTO Record (IDRecord, ReadTime, Temperature, Humidity, Ppm, IDDevice) VALUES (219, '2024-11-03 15:58:49', 22, 29, 61, 10);
INSERT INTO Record (IDRecord, ReadTime, Temperature, Humidity, Ppm, IDDevice) VALUES (220, '2024-11-03 15:58:49', 44, 33, 21, 12);
INSERT INTO Record (IDRecord, ReadTime, Temperature, Humidity, Ppm, IDDevice) VALUES (221, '2024-11-03 15:58:49', 31, 17, 8, 8);
INSERT INTO Record (IDRecord, ReadTime, Temperature, Humidity, Ppm, IDDevice) VALUES (222, '2024-11-03 15:58:49', 98, 75, 6, 2);
INSERT INTO Record (IDRecord, ReadTime, Temperature, Humidity, Ppm, IDDevice) VALUES (223, '2024-11-03 15:58:49', 69, 53, 2, 2);
INSERT INTO Record (IDRecord, ReadTime, Temperature, Humidity, Ppm, IDDevice) VALUES (224, '2024-11-03 15:58:49', 84, 10, 8, 12);
INSERT INTO Record (IDRecord, ReadTime, Temperature, Humidity, Ppm, IDDevice) VALUES (225, '2024-11-03 15:58:49', 65, 9, 12, 2);
INSERT INTO Record (IDRecord, ReadTime, Temperature, Humidity, Ppm, IDDevice) VALUES (226, '2024-11-03 15:58:49', 16, 38, 69, 5);
INSERT INTO Record (IDRecord, ReadTime, Temperature, Humidity, Ppm, IDDevice) VALUES (227, '2024-11-03 15:58:49', 30, 59, 31, 15);
INSERT INTO Record (IDRecord, ReadTime, Temperature, Humidity, Ppm, IDDevice) VALUES (228, '2024-11-03 15:58:49', 27, 37, 13, 4);
INSERT INTO Record (IDRecord, ReadTime, Temperature, Humidity, Ppm, IDDevice) VALUES (229, '2024-11-03 15:58:49', 44, 43, 56, 7);
INSERT INTO Record (IDRecord, ReadTime, Temperature, Humidity, Ppm, IDDevice) VALUES (230, '2024-11-03 15:58:49', 61, 13, 24, 1);
INSERT INTO Record (IDRecord, ReadTime, Temperature, Humidity, Ppm, IDDevice) VALUES (231, '2024-11-03 15:58:49', 32, 53, 16, 2);
INSERT INTO Record (IDRecord, ReadTime, Temperature, Humidity, Ppm, IDDevice) VALUES (232, '2024-11-03 15:58:49', 74, 2, 44, 4);
INSERT INTO Record (IDRecord, ReadTime, Temperature, Humidity, Ppm, IDDevice) VALUES (233, '2024-11-03 15:58:49', 94, 86, 44, 2);
INSERT INTO Record (IDRecord, ReadTime, Temperature, Humidity, Ppm, IDDevice) VALUES (234, '2024-11-03 15:58:49', 35, 34, 92, 7);
INSERT INTO Record (IDRecord, ReadTime, Temperature, Humidity, Ppm, IDDevice) VALUES (235, '2024-11-03 15:58:49', 41, 23, 90, 12);
INSERT INTO Record (IDRecord, ReadTime, Temperature, Humidity, Ppm, IDDevice) VALUES (236, '2024-11-03 15:58:49', 35, 95, 79, 7);
INSERT INTO Record (IDRecord, ReadTime, Temperature, Humidity, Ppm, IDDevice) VALUES (237, '2024-11-03 15:58:49', 63, 72, 58, 3);
INSERT INTO Record (IDRecord, ReadTime, Temperature, Humidity, Ppm, IDDevice) VALUES (238, '2024-11-03 15:58:49', 82, 52, 54, 9);
INSERT INTO Record (IDRecord, ReadTime, Temperature, Humidity, Ppm, IDDevice) VALUES (239, '2024-11-03 15:58:49', 78, 10, 42, 8);
INSERT INTO Record (IDRecord, ReadTime, Temperature, Humidity, Ppm, IDDevice) VALUES (240, '2024-11-03 15:58:49', 13, 44, 10, 10);
INSERT INTO Record (IDRecord, ReadTime, Temperature, Humidity, Ppm, IDDevice) VALUES (241, '2024-11-03 15:58:49', 60, 82, 87, 12);
INSERT INTO Record (IDRecord, ReadTime, Temperature, Humidity, Ppm, IDDevice) VALUES (242, '2024-11-03 15:58:49', 72, 58, 15, 9);
INSERT INTO Record (IDRecord, ReadTime, Temperature, Humidity, Ppm, IDDevice) VALUES (243, '2024-11-03 15:58:49', 19, 96, 86, 2);
INSERT INTO Record (IDRecord, ReadTime, Temperature, Humidity, Ppm, IDDevice) VALUES (244, '2024-11-03 15:58:49', 47, 76, 91, 5);
INSERT INTO Record (IDRecord, ReadTime, Temperature, Humidity, Ppm, IDDevice) VALUES (245, '2024-11-03 15:58:49', 82, 57, 91, 4);
INSERT INTO Record (IDRecord, ReadTime, Temperature, Humidity, Ppm, IDDevice) VALUES (246, '2024-11-03 15:58:49', 41, 84, 63, 5);
INSERT INTO Record (IDRecord, ReadTime, Temperature, Humidity, Ppm, IDDevice) VALUES (247, '2024-11-03 15:58:49', 31, 45, 81, 1);
INSERT INTO Record (IDRecord, ReadTime, Temperature, Humidity, Ppm, IDDevice) VALUES (248, '2024-11-03 15:58:49', 0, 46, 86, 10);
INSERT INTO Record (IDRecord, ReadTime, Temperature, Humidity, Ppm, IDDevice) VALUES (249, '2024-11-03 15:58:49', 75, 78, 93, 7);
INSERT INTO Record (IDRecord, ReadTime, Temperature, Humidity, Ppm, IDDevice) VALUES (250, '2024-11-03 15:58:49', 79, 91, 33, 2);
INSERT INTO Record (IDRecord, ReadTime, Temperature, Humidity, Ppm, IDDevice) VALUES (251, '2024-11-03 15:58:49', 21, 15, 38, 3);
INSERT INTO Record (IDRecord, ReadTime, Temperature, Humidity, Ppm, IDDevice) VALUES (252, '2024-11-03 15:58:49', 91, 59, 77, 11);
INSERT INTO Record (IDRecord, ReadTime, Temperature, Humidity, Ppm, IDDevice) VALUES (253, '2024-11-03 15:58:49', 31, 9, 7, 4);
INSERT INTO Record (IDRecord, ReadTime, Temperature, Humidity, Ppm, IDDevice) VALUES (254, '2024-11-03 15:58:49', 31, 76, 69, 9);
INSERT INTO Record (IDRecord, ReadTime, Temperature, Humidity, Ppm, IDDevice) VALUES (255, '2024-11-03 15:58:49', 79, 6, 5, 13);
INSERT INTO Record (IDRecord, ReadTime, Temperature, Humidity, Ppm, IDDevice) VALUES (256, '2024-11-03 15:58:49', 20, 17, 11, 6);
INSERT INTO Record (IDRecord, ReadTime, Temperature, Humidity, Ppm, IDDevice) VALUES (257, '2024-11-03 15:58:49', 48, 81, 9, 10);
INSERT INTO Record (IDRecord, ReadTime, Temperature, Humidity, Ppm, IDDevice) VALUES (258, '2024-11-03 15:58:49', 21, 53, 23, 9);
INSERT INTO Record (IDRecord, ReadTime, Temperature, Humidity, Ppm, IDDevice) VALUES (259, '2024-11-03 15:58:49', 98, 3, 36, 6);
INSERT INTO Record (IDRecord, ReadTime, Temperature, Humidity, Ppm, IDDevice) VALUES (260, '2024-11-03 15:58:49', 36, 61, 17, 7);
INSERT INTO Record (IDRecord, ReadTime, Temperature, Humidity, Ppm, IDDevice) VALUES (261, '2024-11-03 15:58:49', 61, 98, 90, 2);
INSERT INTO Record (IDRecord, ReadTime, Temperature, Humidity, Ppm, IDDevice) VALUES (262, '2024-11-03 15:58:49', 19, 1, 46, 5);
INSERT INTO Record (IDRecord, ReadTime, Temperature, Humidity, Ppm, IDDevice) VALUES (263, '2024-11-03 15:58:49', 39, 28, 86, 8);
INSERT INTO Record (IDRecord, ReadTime, Temperature, Humidity, Ppm, IDDevice) VALUES (264, '2024-11-03 15:58:49', 64, 83, 75, 11);
INSERT INTO Record (IDRecord, ReadTime, Temperature, Humidity, Ppm, IDDevice) VALUES (265, '2024-11-03 15:58:49', 78, 20, 24, 15);
INSERT INTO Record (IDRecord, ReadTime, Temperature, Humidity, Ppm, IDDevice) VALUES (266, '2024-11-03 15:58:49', 37, 39, 85, 7);
INSERT INTO Record (IDRecord, ReadTime, Temperature, Humidity, Ppm, IDDevice) VALUES (267, '2024-11-03 15:58:49', 63, 9, 6, 3);
INSERT INTO Record (IDRecord, ReadTime, Temperature, Humidity, Ppm, IDDevice) VALUES (268, '2024-11-03 15:58:49', 65, 42, 42, 2);
INSERT INTO Record (IDRecord, ReadTime, Temperature, Humidity, Ppm, IDDevice) VALUES (269, '2024-11-03 15:58:49', 25, 45, 96, 12);
INSERT INTO Record (IDRecord, ReadTime, Temperature, Humidity, Ppm, IDDevice) VALUES (270, '2024-11-03 15:58:49', 21, 75, 19, 15);
INSERT INTO Record (IDRecord, ReadTime, Temperature, Humidity, Ppm, IDDevice) VALUES (271, '2024-11-03 15:58:49', 54, 4, 36, 8);
INSERT INTO Record (IDRecord, ReadTime, Temperature, Humidity, Ppm, IDDevice) VALUES (272, '2024-11-03 15:58:49', 4, 72, 20, 1);
INSERT INTO Record (IDRecord, ReadTime, Temperature, Humidity, Ppm, IDDevice) VALUES (273, '2024-11-03 15:58:49', 61, 50, 62, 5);
INSERT INTO Record (IDRecord, ReadTime, Temperature, Humidity, Ppm, IDDevice) VALUES (274, '2024-11-03 15:58:49', 16, 49, 7, 1);
INSERT INTO Record (IDRecord, ReadTime, Temperature, Humidity, Ppm, IDDevice) VALUES (275, '2024-11-03 15:58:49', 23, 5, 41, 3);
INSERT INTO Record (IDRecord, ReadTime, Temperature, Humidity, Ppm, IDDevice) VALUES (276, '2024-11-03 15:58:49', 38, 1, 41, 12);
INSERT INTO Record (IDRecord, ReadTime, Temperature, Humidity, Ppm, IDDevice) VALUES (277, '2024-11-03 15:58:49', 30, 4, 16, 4);
INSERT INTO Record (IDRecord, ReadTime, Temperature, Humidity, Ppm, IDDevice) VALUES (278, '2024-11-03 15:58:49', 62, 84, 0, 6);
INSERT INTO Record (IDRecord, ReadTime, Temperature, Humidity, Ppm, IDDevice) VALUES (279, '2024-11-03 15:58:49', 29, 53, 34, 15);
INSERT INTO Record (IDRecord, ReadTime, Temperature, Humidity, Ppm, IDDevice) VALUES (280, '2024-11-03 15:58:49', 88, 88, 75, 10);
INSERT INTO Record (IDRecord, ReadTime, Temperature, Humidity, Ppm, IDDevice) VALUES (281, '2024-11-03 15:58:49', 57, 48, 15, 7);
INSERT INTO Record (IDRecord, ReadTime, Temperature, Humidity, Ppm, IDDevice) VALUES (282, '2024-11-03 15:58:49', 89, 61, 57, 12);
INSERT INTO Record (IDRecord, ReadTime, Temperature, Humidity, Ppm, IDDevice) VALUES (283, '2024-11-03 15:58:49', 14, 54, 41, 5);
INSERT INTO Record (IDRecord, ReadTime, Temperature, Humidity, Ppm, IDDevice) VALUES (284, '2024-11-03 15:58:49', 59, 10, 18, 6);
INSERT INTO Record (IDRecord, ReadTime, Temperature, Humidity, Ppm, IDDevice) VALUES (285, '2024-11-03 15:58:49', 16, 11, 80, 14);
INSERT INTO Record (IDRecord, ReadTime, Temperature, Humidity, Ppm, IDDevice) VALUES (286, '2024-11-03 15:58:49', 13, 95, 52, 12);
INSERT INTO Record (IDRecord, ReadTime, Temperature, Humidity, Ppm, IDDevice) VALUES (287, '2024-11-03 15:58:49', 63, 84, 97, 7);
INSERT INTO Record (IDRecord, ReadTime, Temperature, Humidity, Ppm, IDDevice) VALUES (288, '2024-11-03 15:58:49', 45, 6, 92, 9);
INSERT INTO Record (IDRecord, ReadTime, Temperature, Humidity, Ppm, IDDevice) VALUES (289, '2024-11-03 15:58:49', 19, 18, 15, 1);
INSERT INTO Record (IDRecord, ReadTime, Temperature, Humidity, Ppm, IDDevice) VALUES (290, '2024-11-03 15:58:49', 64, 88, 63, 4);
INSERT INTO Record (IDRecord, ReadTime, Temperature, Humidity, Ppm, IDDevice) VALUES (291, '2024-11-03 15:58:49', 0, 9, 41, 12);
INSERT INTO Record (IDRecord, ReadTime, Temperature, Humidity, Ppm, IDDevice) VALUES (292, '2024-11-03 15:58:49', 13, 18, 1, 5);
INSERT INTO Record (IDRecord, ReadTime, Temperature, Humidity, Ppm, IDDevice) VALUES (293, '2024-11-03 15:58:49', 84, 34, 18, 2);
INSERT INTO Record (IDRecord, ReadTime, Temperature, Humidity, Ppm, IDDevice) VALUES (294, '2024-11-03 15:58:49', 54, 74, 65, 5);
INSERT INTO Record (IDRecord, ReadTime, Temperature, Humidity, Ppm, IDDevice) VALUES (295, '2024-11-03 15:58:49', 52, 61, 45, 4);
INSERT INTO Record (IDRecord, ReadTime, Temperature, Humidity, Ppm, IDDevice) VALUES (296, '2024-11-03 15:58:49', 46, 78, 70, 14);
INSERT INTO Record (IDRecord, ReadTime, Temperature, Humidity, Ppm, IDDevice) VALUES (297, '2024-11-03 15:58:49', 94, 15, 61, 12);
INSERT INTO Record (IDRecord, ReadTime, Temperature, Humidity, Ppm, IDDevice) VALUES (298, '2024-11-03 15:58:49', 97, 57, 68, 1);
INSERT INTO Record (IDRecord, ReadTime, Temperature, Humidity, Ppm, IDDevice) VALUES (299, '2024-11-03 15:58:49', 74, 49, 79, 4);
INSERT INTO Record (IDRecord, ReadTime, Temperature, Humidity, Ppm, IDDevice) VALUES (300, '2024-11-03 15:58:49', 28, 45, 1, 3);
INSERT INTO Record (IDRecord, ReadTime, Temperature, Humidity, Ppm, IDDevice) VALUES (301, '2024-11-03 15:58:49', 28, 55, 30, 6);
INSERT INTO Record (IDRecord, ReadTime, Temperature, Humidity, Ppm, IDDevice) VALUES (302, '2024-11-03 15:58:49', 46, 34, 41, 14);
INSERT INTO Record (IDRecord, ReadTime, Temperature, Humidity, Ppm, IDDevice) VALUES (303, '2024-11-03 15:58:49', 84, 75, 2, 9);
INSERT INTO Record (IDRecord, ReadTime, Temperature, Humidity, Ppm, IDDevice) VALUES (304, '2024-11-03 15:58:49', 43, 61, 35, 9);
INSERT INTO Record (IDRecord, ReadTime, Temperature, Humidity, Ppm, IDDevice) VALUES (305, '2024-11-03 15:58:49', 91, 60, 54, 9);
INSERT INTO Record (IDRecord, ReadTime, Temperature, Humidity, Ppm, IDDevice) VALUES (306, '2024-11-03 15:58:49', 85, 98, 5, 2);
INSERT INTO Record (IDRecord, ReadTime, Temperature, Humidity, Ppm, IDDevice) VALUES (307, '2024-11-03 15:58:49', 23, 75, 29, 15);
INSERT INTO Record (IDRecord, ReadTime, Temperature, Humidity, Ppm, IDDevice) VALUES (308, '2024-11-03 15:58:49', 74, 55, 84, 2);
INSERT INTO Record (IDRecord, ReadTime, Temperature, Humidity, Ppm, IDDevice) VALUES (309, '2024-11-03 15:58:49', 38, 25, 58, 6);
INSERT INTO Record (IDRecord, ReadTime, Temperature, Humidity, Ppm, IDDevice) VALUES (310, '2024-11-03 15:58:49', 27, 58, 37, 9);
INSERT INTO Record (IDRecord, ReadTime, Temperature, Humidity, Ppm, IDDevice) VALUES (311, '2024-11-03 15:58:49', 80, 70, 92, 11);
INSERT INTO Record (IDRecord, ReadTime, Temperature, Humidity, Ppm, IDDevice) VALUES (312, '2024-11-03 15:58:49', 29, 23, 93, 5);
INSERT INTO Record (IDRecord, ReadTime, Temperature, Humidity, Ppm, IDDevice) VALUES (313, '2024-11-03 15:58:49', 13, 56, 3, 5);
INSERT INTO Record (IDRecord, ReadTime, Temperature, Humidity, Ppm, IDDevice) VALUES (314, '2024-11-03 15:58:49', 7, 15, 58, 11);
INSERT INTO Record (IDRecord, ReadTime, Temperature, Humidity, Ppm, IDDevice) VALUES (315, '2024-11-03 15:58:49', 27, 78, 36, 3);
INSERT INTO Record (IDRecord, ReadTime, Temperature, Humidity, Ppm, IDDevice) VALUES (316, '2024-11-03 15:58:49', 37, 14, 68, 3);
INSERT INTO Record (IDRecord, ReadTime, Temperature, Humidity, Ppm, IDDevice) VALUES (317, '2024-11-03 15:58:49', 66, 42, 41, 14);
INSERT INTO Record (IDRecord, ReadTime, Temperature, Humidity, Ppm, IDDevice) VALUES (318, '2024-11-03 15:58:49', 80, 39, 65, 7);
INSERT INTO Record (IDRecord, ReadTime, Temperature, Humidity, Ppm, IDDevice) VALUES (319, '2024-11-03 15:58:49', 15, 56, 46, 8);
INSERT INTO Record (IDRecord, ReadTime, Temperature, Humidity, Ppm, IDDevice) VALUES (320, '2024-11-03 15:58:49', 79, 35, 73, 6);
INSERT INTO Record (IDRecord, ReadTime, Temperature, Humidity, Ppm, IDDevice) VALUES (321, '2024-11-03 15:58:49', 60, 36, 81, 4);
INSERT INTO Record (IDRecord, ReadTime, Temperature, Humidity, Ppm, IDDevice) VALUES (322, '2024-11-03 15:58:49', 83, 53, 63, 2);
INSERT INTO Record (IDRecord, ReadTime, Temperature, Humidity, Ppm, IDDevice) VALUES (323, '2024-11-03 15:58:49', 31, 43, 80, 7);
INSERT INTO Record (IDRecord, ReadTime, Temperature, Humidity, Ppm, IDDevice) VALUES (324, '2024-11-03 15:58:49', 80, 1, 26, 3);
INSERT INTO Record (IDRecord, ReadTime, Temperature, Humidity, Ppm, IDDevice) VALUES (325, '2024-11-03 15:58:49', 91, 34, 54, 15);
INSERT INTO Record (IDRecord, ReadTime, Temperature, Humidity, Ppm, IDDevice) VALUES (326, '2024-11-03 15:58:49', 66, 76, 57, 4);
INSERT INTO Record (IDRecord, ReadTime, Temperature, Humidity, Ppm, IDDevice) VALUES (327, '2024-11-03 15:58:49', 65, 54, 61, 1);
INSERT INTO Record (IDRecord, ReadTime, Temperature, Humidity, Ppm, IDDevice) VALUES (328, '2024-11-03 15:58:49', 9, 78, 91, 12);
INSERT INTO Record (IDRecord, ReadTime, Temperature, Humidity, Ppm, IDDevice) VALUES (329, '2024-11-03 15:58:49', 24, 55, 35, 8);
INSERT INTO Record (IDRecord, ReadTime, Temperature, Humidity, Ppm, IDDevice) VALUES (330, '2024-11-03 15:58:49', 50, 0, 80, 7);
INSERT INTO Record (IDRecord, ReadTime, Temperature, Humidity, Ppm, IDDevice) VALUES (331, '2024-11-03 15:58:49', 38, 10, 44, 12);
INSERT INTO Record (IDRecord, ReadTime, Temperature, Humidity, Ppm, IDDevice) VALUES (332, '2024-11-03 15:58:49', 76, 98, 82, 8);
INSERT INTO Record (IDRecord, ReadTime, Temperature, Humidity, Ppm, IDDevice) VALUES (333, '2024-11-03 15:58:49', 53, 19, 14, 9);
INSERT INTO Record (IDRecord, ReadTime, Temperature, Humidity, Ppm, IDDevice) VALUES (334, '2024-11-03 15:58:49', 91, 42, 28, 1);
INSERT INTO Record (IDRecord, ReadTime, Temperature, Humidity, Ppm, IDDevice) VALUES (335, '2024-11-03 15:58:49', 99, 23, 74, 8);
INSERT INTO Record (IDRecord, ReadTime, Temperature, Humidity, Ppm, IDDevice) VALUES (336, '2024-11-03 15:58:49', 52, 71, 15, 9);
INSERT INTO Record (IDRecord, ReadTime, Temperature, Humidity, Ppm, IDDevice) VALUES (337, '2024-11-03 15:58:49', 94, 26, 48, 10);
INSERT INTO Record (IDRecord, ReadTime, Temperature, Humidity, Ppm, IDDevice) VALUES (338, '2024-11-03 15:58:49', 15, 15, 84, 4);
INSERT INTO Record (IDRecord, ReadTime, Temperature, Humidity, Ppm, IDDevice) VALUES (339, '2024-11-03 15:58:49', 16, 74, 50, 9);
INSERT INTO Record (IDRecord, ReadTime, Temperature, Humidity, Ppm, IDDevice) VALUES (340, '2024-11-03 15:58:49', 75, 97, 79, 3);
INSERT INTO Record (IDRecord, ReadTime, Temperature, Humidity, Ppm, IDDevice) VALUES (341, '2024-11-03 15:58:49', 88, 70, 69, 1);
INSERT INTO Record (IDRecord, ReadTime, Temperature, Humidity, Ppm, IDDevice) VALUES (342, '2024-11-03 15:58:49', 38, 16, 84, 14);
INSERT INTO Record (IDRecord, ReadTime, Temperature, Humidity, Ppm, IDDevice) VALUES (343, '2024-11-03 15:58:49', 80, 32, 22, 4);
INSERT INTO Record (IDRecord, ReadTime, Temperature, Humidity, Ppm, IDDevice) VALUES (344, '2024-11-03 15:58:49', 11, 11, 64, 1);
INSERT INTO Record (IDRecord, ReadTime, Temperature, Humidity, Ppm, IDDevice) VALUES (345, '2024-11-03 15:58:49', 21, 85, 3, 10);
INSERT INTO Record (IDRecord, ReadTime, Temperature, Humidity, Ppm, IDDevice) VALUES (346, '2024-11-03 15:58:49', 70, 99, 40, 13);
INSERT INTO Record (IDRecord, ReadTime, Temperature, Humidity, Ppm, IDDevice) VALUES (347, '2024-11-03 15:58:49', 58, 59, 88, 10);
INSERT INTO Record (IDRecord, ReadTime, Temperature, Humidity, Ppm, IDDevice) VALUES (348, '2024-11-03 15:58:49', 43, 64, 51, 6);
INSERT INTO Record (IDRecord, ReadTime, Temperature, Humidity, Ppm, IDDevice) VALUES (349, '2024-11-03 15:58:49', 93, 86, 7, 3);
INSERT INTO Record (IDRecord, ReadTime, Temperature, Humidity, Ppm, IDDevice) VALUES (350, '2024-11-03 15:58:49', 3, 87, 47, 15);
INSERT INTO Record (IDRecord, ReadTime, Temperature, Humidity, Ppm, IDDevice) VALUES (351, '2024-11-03 15:58:49', 32, 88, 16, 11);
INSERT INTO Record (IDRecord, ReadTime, Temperature, Humidity, Ppm, IDDevice) VALUES (352, '2024-11-03 15:58:49', 42, 65, 48, 1);
INSERT INTO Record (IDRecord, ReadTime, Temperature, Humidity, Ppm, IDDevice) VALUES (353, '2024-11-03 15:58:49', 13, 23, 89, 11);
INSERT INTO Record (IDRecord, ReadTime, Temperature, Humidity, Ppm, IDDevice) VALUES (354, '2024-11-03 15:58:49', 83, 91, 32, 9);
INSERT INTO Record (IDRecord, ReadTime, Temperature, Humidity, Ppm, IDDevice) VALUES (355, '2024-11-03 15:58:49', 19, 43, 83, 8);
INSERT INTO Record (IDRecord, ReadTime, Temperature, Humidity, Ppm, IDDevice) VALUES (356, '2024-11-03 15:58:49', 88, 68, 48, 8);
INSERT INTO Record (IDRecord, ReadTime, Temperature, Humidity, Ppm, IDDevice) VALUES (357, '2024-11-03 15:58:49', 27, 20, 83, 2);
INSERT INTO Record (IDRecord, ReadTime, Temperature, Humidity, Ppm, IDDevice) VALUES (358, '2024-11-03 15:58:49', 27, 83, 94, 3);
INSERT INTO Record (IDRecord, ReadTime, Temperature, Humidity, Ppm, IDDevice) VALUES (359, '2024-11-03 15:58:49', 75, 77, 99, 2);
INSERT INTO Record (IDRecord, ReadTime, Temperature, Humidity, Ppm, IDDevice) VALUES (360, '2024-11-03 15:58:49', 74, 10, 93, 10);
INSERT INTO Record (IDRecord, ReadTime, Temperature, Humidity, Ppm, IDDevice) VALUES (361, '2024-11-03 15:58:49', 79, 60, 66, 2);
INSERT INTO Record (IDRecord, ReadTime, Temperature, Humidity, Ppm, IDDevice) VALUES (362, '2024-11-03 15:58:49', 99, 44, 28, 3);
INSERT INTO Record (IDRecord, ReadTime, Temperature, Humidity, Ppm, IDDevice) VALUES (363, '2024-11-03 15:58:49', 51, 59, 67, 7);
INSERT INTO Record (IDRecord, ReadTime, Temperature, Humidity, Ppm, IDDevice) VALUES (364, '2024-11-03 15:58:49', 28, 60, 39, 7);
INSERT INTO Record (IDRecord, ReadTime, Temperature, Humidity, Ppm, IDDevice) VALUES (365, '2024-11-03 15:58:49', 42, 55, 59, 13);
INSERT INTO Record (IDRecord, ReadTime, Temperature, Humidity, Ppm, IDDevice) VALUES (366, '2024-11-03 15:58:49', 61, 7, 89, 15);
INSERT INTO Record (IDRecord, ReadTime, Temperature, Humidity, Ppm, IDDevice) VALUES (367, '2024-11-03 15:58:49', 58, 15, 18, 1);
INSERT INTO Record (IDRecord, ReadTime, Temperature, Humidity, Ppm, IDDevice) VALUES (368, '2024-11-03 15:58:49', 81, 30, 48, 14);
INSERT INTO Record (IDRecord, ReadTime, Temperature, Humidity, Ppm, IDDevice) VALUES (369, '2024-11-03 15:58:49', 18, 69, 26, 15);
INSERT INTO Record (IDRecord, ReadTime, Temperature, Humidity, Ppm, IDDevice) VALUES (370, '2024-11-03 15:58:49', 10, 10, 20, 10);
INSERT INTO Record (IDRecord, ReadTime, Temperature, Humidity, Ppm, IDDevice) VALUES (371, '2024-11-03 15:58:49', 30, 6, 4, 4);
INSERT INTO Record (IDRecord, ReadTime, Temperature, Humidity, Ppm, IDDevice) VALUES (372, '2024-11-03 15:58:49', 62, 89, 84, 5);
INSERT INTO Record (IDRecord, ReadTime, Temperature, Humidity, Ppm, IDDevice) VALUES (373, '2024-11-03 15:58:49', 55, 93, 29, 11);
INSERT INTO Record (IDRecord, ReadTime, Temperature, Humidity, Ppm, IDDevice) VALUES (374, '2024-11-03 15:58:49', 1, 68, 47, 1);
INSERT INTO Record (IDRecord, ReadTime, Temperature, Humidity, Ppm, IDDevice) VALUES (375, '2024-11-03 15:58:49', 57, 7, 26, 8);
INSERT INTO Record (IDRecord, ReadTime, Temperature, Humidity, Ppm, IDDevice) VALUES (376, '2024-11-03 15:58:49', 54, 12, 45, 4);
INSERT INTO Record (IDRecord, ReadTime, Temperature, Humidity, Ppm, IDDevice) VALUES (377, '2024-11-03 15:58:49', 58, 18, 1, 5);
INSERT INTO Record (IDRecord, ReadTime, Temperature, Humidity, Ppm, IDDevice) VALUES (378, '2024-11-03 15:58:49', 82, 88, 16, 14);
INSERT INTO Record (IDRecord, ReadTime, Temperature, Humidity, Ppm, IDDevice) VALUES (379, '2024-11-03 15:58:49', 33, 30, 97, 13);
INSERT INTO Record (IDRecord, ReadTime, Temperature, Humidity, Ppm, IDDevice) VALUES (380, '2024-11-03 15:58:49', 99, 86, 91, 13);
INSERT INTO Record (IDRecord, ReadTime, Temperature, Humidity, Ppm, IDDevice) VALUES (381, '2024-11-03 15:58:49', 41, 26, 94, 12);
INSERT INTO Record (IDRecord, ReadTime, Temperature, Humidity, Ppm, IDDevice) VALUES (382, '2024-11-03 15:58:49', 88, 81, 6, 3);
INSERT INTO Record (IDRecord, ReadTime, Temperature, Humidity, Ppm, IDDevice) VALUES (383, '2024-11-03 15:58:49', 74, 17, 75, 15);
INSERT INTO Record (IDRecord, ReadTime, Temperature, Humidity, Ppm, IDDevice) VALUES (384, '2024-11-03 15:58:49', 54, 24, 39, 15);
INSERT INTO Record (IDRecord, ReadTime, Temperature, Humidity, Ppm, IDDevice) VALUES (385, '2024-11-03 15:58:49', 92, 94, 90, 6);
INSERT INTO Record (IDRecord, ReadTime, Temperature, Humidity, Ppm, IDDevice) VALUES (386, '2024-11-03 15:58:49', 33, 46, 11, 14);
INSERT INTO Record (IDRecord, ReadTime, Temperature, Humidity, Ppm, IDDevice) VALUES (387, '2024-11-03 15:58:49', 60, 39, 20, 13);
INSERT INTO Record (IDRecord, ReadTime, Temperature, Humidity, Ppm, IDDevice) VALUES (388, '2024-11-03 15:58:49', 24, 49, 91, 1);
INSERT INTO Record (IDRecord, ReadTime, Temperature, Humidity, Ppm, IDDevice) VALUES (389, '2024-11-03 15:58:49', 4, 75, 22, 8);
INSERT INTO Record (IDRecord, ReadTime, Temperature, Humidity, Ppm, IDDevice) VALUES (390, '2024-11-03 15:58:49', 9, 7, 20, 10);
INSERT INTO Record (IDRecord, ReadTime, Temperature, Humidity, Ppm, IDDevice) VALUES (391, '2024-11-03 15:58:49', 43, 96, 25, 3);
INSERT INTO Record (IDRecord, ReadTime, Temperature, Humidity, Ppm, IDDevice) VALUES (392, '2024-11-03 15:58:49', 59, 36, 36, 5);
INSERT INTO Record (IDRecord, ReadTime, Temperature, Humidity, Ppm, IDDevice) VALUES (393, '2024-11-03 15:58:49', 3, 78, 66, 2);
INSERT INTO Record (IDRecord, ReadTime, Temperature, Humidity, Ppm, IDDevice) VALUES (394, '2024-11-03 15:58:49', 50, 97, 22, 6);
INSERT INTO Record (IDRecord, ReadTime, Temperature, Humidity, Ppm, IDDevice) VALUES (395, '2024-11-03 15:58:49', 73, 34, 79, 8);
INSERT INTO Record (IDRecord, ReadTime, Temperature, Humidity, Ppm, IDDevice) VALUES (396, '2024-11-03 15:58:49', 6, 90, 2, 12);
INSERT INTO Record (IDRecord, ReadTime, Temperature, Humidity, Ppm, IDDevice) VALUES (397, '2024-11-03 15:58:49', 76, 48, 84, 2);
INSERT INTO Record (IDRecord, ReadTime, Temperature, Humidity, Ppm, IDDevice) VALUES (398, '2024-11-03 15:58:49', 60, 41, 98, 12);
INSERT INTO Record (IDRecord, ReadTime, Temperature, Humidity, Ppm, IDDevice) VALUES (399, '2024-11-03 15:58:49', 91, 89, 99, 13);
INSERT INTO Record (IDRecord, ReadTime, Temperature, Humidity, Ppm, IDDevice) VALUES (400, '2024-11-03 15:58:49', 56, 61, 94, 6);
INSERT INTO Record (IDRecord, ReadTime, Temperature, Humidity, Ppm, IDDevice) VALUES (401, '2024-11-03 15:58:49', 39, 42, 69, 2);
INSERT INTO Record (IDRecord, ReadTime, Temperature, Humidity, Ppm, IDDevice) VALUES (402, '2024-11-03 15:58:49', 73, 93, 85, 14);
INSERT INTO Record (IDRecord, ReadTime, Temperature, Humidity, Ppm, IDDevice) VALUES (403, '2024-11-03 15:58:49', 30, 3, 55, 12);
INSERT INTO Record (IDRecord, ReadTime, Temperature, Humidity, Ppm, IDDevice) VALUES (404, '2024-11-03 15:58:49', 21, 90, 90, 7);
INSERT INTO Record (IDRecord, ReadTime, Temperature, Humidity, Ppm, IDDevice) VALUES (405, '2024-11-03 15:58:49', 86, 76, 90, 8);
INSERT INTO Record (IDRecord, ReadTime, Temperature, Humidity, Ppm, IDDevice) VALUES (406, '2024-11-03 15:58:49', 18, 56, 4, 1);
INSERT INTO Record (IDRecord, ReadTime, Temperature, Humidity, Ppm, IDDevice) VALUES (407, '2024-11-03 15:58:49', 6, 63, 99, 9);
INSERT INTO Record (IDRecord, ReadTime, Temperature, Humidity, Ppm, IDDevice) VALUES (408, '2024-11-03 15:58:49', 77, 86, 62, 2);
INSERT INTO Record (IDRecord, ReadTime, Temperature, Humidity, Ppm, IDDevice) VALUES (409, '2024-11-03 15:58:49', 72, 77, 43, 6);
INSERT INTO Record (IDRecord, ReadTime, Temperature, Humidity, Ppm, IDDevice) VALUES (410, '2024-11-03 15:58:49', 15, 25, 88, 1);
INSERT INTO Record (IDRecord, ReadTime, Temperature, Humidity, Ppm, IDDevice) VALUES (411, '2024-11-03 15:58:49', 50, 25, 64, 9);
INSERT INTO Record (IDRecord, ReadTime, Temperature, Humidity, Ppm, IDDevice) VALUES (412, '2024-11-03 15:58:49', 55, 73, 80, 1);
INSERT INTO Record (IDRecord, ReadTime, Temperature, Humidity, Ppm, IDDevice) VALUES (413, '2024-11-03 15:58:49', 90, 84, 18, 10);
INSERT INTO Record (IDRecord, ReadTime, Temperature, Humidity, Ppm, IDDevice) VALUES (414, '2024-11-03 15:58:49', 2, 32, 17, 15);
INSERT INTO Record (IDRecord, ReadTime, Temperature, Humidity, Ppm, IDDevice) VALUES (415, '2024-11-03 15:58:49', 5, 11, 55, 6);
INSERT INTO Record (IDRecord, ReadTime, Temperature, Humidity, Ppm, IDDevice) VALUES (416, '2024-11-03 15:58:49', 35, 37, 4, 7);
INSERT INTO Record (IDRecord, ReadTime, Temperature, Humidity, Ppm, IDDevice) VALUES (417, '2024-11-03 15:58:49', 75, 3, 32, 13);
INSERT INTO Record (IDRecord, ReadTime, Temperature, Humidity, Ppm, IDDevice) VALUES (418, '2024-11-03 15:58:49', 35, 94, 6, 3);
INSERT INTO Record (IDRecord, ReadTime, Temperature, Humidity, Ppm, IDDevice) VALUES (419, '2024-11-03 15:58:49', 49, 36, 53, 9);
INSERT INTO Record (IDRecord, ReadTime, Temperature, Humidity, Ppm, IDDevice) VALUES (420, '2024-11-03 15:58:49', 78, 2, 16, 4);
INSERT INTO Record (IDRecord, ReadTime, Temperature, Humidity, Ppm, IDDevice) VALUES (421, '2024-11-03 15:58:49', 2, 51, 17, 10);
INSERT INTO Record (IDRecord, ReadTime, Temperature, Humidity, Ppm, IDDevice) VALUES (422, '2024-11-03 15:58:49', 12, 88, 7, 6);
INSERT INTO Record (IDRecord, ReadTime, Temperature, Humidity, Ppm, IDDevice) VALUES (423, '2024-11-03 15:58:49', 31, 81, 4, 15);
INSERT INTO Record (IDRecord, ReadTime, Temperature, Humidity, Ppm, IDDevice) VALUES (424, '2024-11-03 15:58:49', 85, 14, 8, 2);
INSERT INTO Record (IDRecord, ReadTime, Temperature, Humidity, Ppm, IDDevice) VALUES (425, '2024-11-03 15:58:49', 43, 65, 55, 15);
INSERT INTO Record (IDRecord, ReadTime, Temperature, Humidity, Ppm, IDDevice) VALUES (426, '2024-11-03 15:58:49', 6, 71, 69, 10);
INSERT INTO Record (IDRecord, ReadTime, Temperature, Humidity, Ppm, IDDevice) VALUES (427, '2024-11-03 15:58:49', 0, 34, 48, 10);
INSERT INTO Record (IDRecord, ReadTime, Temperature, Humidity, Ppm, IDDevice) VALUES (428, '2024-11-03 15:58:49', 65, 82, 57, 8);
INSERT INTO Record (IDRecord, ReadTime, Temperature, Humidity, Ppm, IDDevice) VALUES (429, '2024-11-03 15:58:49', 68, 50, 71, 6);
INSERT INTO Record (IDRecord, ReadTime, Temperature, Humidity, Ppm, IDDevice) VALUES (430, '2024-11-03 15:58:49', 25, 53, 96, 1);
INSERT INTO Record (IDRecord, ReadTime, Temperature, Humidity, Ppm, IDDevice) VALUES (431, '2024-11-03 15:58:49', 93, 12, 86, 5);
INSERT INTO Record (IDRecord, ReadTime, Temperature, Humidity, Ppm, IDDevice) VALUES (432, '2024-11-03 15:58:49', 60, 94, 77, 13);
INSERT INTO Record (IDRecord, ReadTime, Temperature, Humidity, Ppm, IDDevice) VALUES (433, '2024-11-03 15:58:49', 69, 59, 29, 6);
INSERT INTO Record (IDRecord, ReadTime, Temperature, Humidity, Ppm, IDDevice) VALUES (434, '2024-11-03 15:58:49', 74, 41, 55, 2);
INSERT INTO Record (IDRecord, ReadTime, Temperature, Humidity, Ppm, IDDevice) VALUES (435, '2024-11-03 15:58:49', 74, 0, 39, 5);
INSERT INTO Record (IDRecord, ReadTime, Temperature, Humidity, Ppm, IDDevice) VALUES (436, '2024-11-03 15:58:49', 73, 92, 21, 12);
INSERT INTO Record (IDRecord, ReadTime, Temperature, Humidity, Ppm, IDDevice) VALUES (437, '2024-11-03 15:58:49', 95, 41, 0, 11);
INSERT INTO Record (IDRecord, ReadTime, Temperature, Humidity, Ppm, IDDevice) VALUES (438, '2024-11-03 15:58:49', 60, 26, 57, 9);
INSERT INTO Record (IDRecord, ReadTime, Temperature, Humidity, Ppm, IDDevice) VALUES (439, '2024-11-03 15:58:49', 57, 68, 76, 5);
INSERT INTO Record (IDRecord, ReadTime, Temperature, Humidity, Ppm, IDDevice) VALUES (440, '2024-11-03 15:58:49', 70, 25, 4, 2);
INSERT INTO Record (IDRecord, ReadTime, Temperature, Humidity, Ppm, IDDevice) VALUES (441, '2024-11-03 15:58:49', 7, 44, 46, 4);
INSERT INTO Record (IDRecord, ReadTime, Temperature, Humidity, Ppm, IDDevice) VALUES (442, '2024-11-03 15:58:49', 69, 88, 1, 3);
INSERT INTO Record (IDRecord, ReadTime, Temperature, Humidity, Ppm, IDDevice) VALUES (443, '2024-11-03 15:58:49', 3, 13, 19, 7);
INSERT INTO Record (IDRecord, ReadTime, Temperature, Humidity, Ppm, IDDevice) VALUES (444, '2024-11-03 15:58:49', 37, 85, 42, 10);
INSERT INTO Record (IDRecord, ReadTime, Temperature, Humidity, Ppm, IDDevice) VALUES (445, '2024-11-03 15:58:49', 83, 43, 63, 11);
INSERT INTO Record (IDRecord, ReadTime, Temperature, Humidity, Ppm, IDDevice) VALUES (446, '2024-11-03 15:58:49', 85, 16, 54, 1);
INSERT INTO Record (IDRecord, ReadTime, Temperature, Humidity, Ppm, IDDevice) VALUES (447, '2024-11-03 15:58:49', 85, 71, 56, 11);
INSERT INTO Record (IDRecord, ReadTime, Temperature, Humidity, Ppm, IDDevice) VALUES (448, '2024-11-03 15:58:49', 41, 30, 70, 14);
INSERT INTO Record (IDRecord, ReadTime, Temperature, Humidity, Ppm, IDDevice) VALUES (449, '2024-11-03 15:58:49', 40, 69, 98, 8);
INSERT INTO Record (IDRecord, ReadTime, Temperature, Humidity, Ppm, IDDevice) VALUES (450, '2024-11-03 15:58:49', 63, 11, 27, 13);
INSERT INTO Record (IDRecord, ReadTime, Temperature, Humidity, Ppm, IDDevice) VALUES (451, '2024-11-03 15:58:49', 48, 3, 52, 15);
INSERT INTO Record (IDRecord, ReadTime, Temperature, Humidity, Ppm, IDDevice) VALUES (452, '2024-11-03 15:58:49', 1, 53, 77, 14);
INSERT INTO Record (IDRecord, ReadTime, Temperature, Humidity, Ppm, IDDevice) VALUES (453, '2024-11-03 15:58:49', 97, 32, 53, 1);
INSERT INTO Record (IDRecord, ReadTime, Temperature, Humidity, Ppm, IDDevice) VALUES (454, '2024-11-03 15:58:49', 76, 6, 31, 14);
INSERT INTO Record (IDRecord, ReadTime, Temperature, Humidity, Ppm, IDDevice) VALUES (455, '2024-11-03 15:58:49', 69, 98, 4, 4);
INSERT INTO Record (IDRecord, ReadTime, Temperature, Humidity, Ppm, IDDevice) VALUES (456, '2024-11-03 15:58:49', 73, 38, 68, 8);
INSERT INTO Record (IDRecord, ReadTime, Temperature, Humidity, Ppm, IDDevice) VALUES (457, '2024-11-03 15:58:49', 77, 69, 13, 10);
INSERT INTO Record (IDRecord, ReadTime, Temperature, Humidity, Ppm, IDDevice) VALUES (458, '2024-11-03 15:58:49', 70, 42, 8, 15);
INSERT INTO Record (IDRecord, ReadTime, Temperature, Humidity, Ppm, IDDevice) VALUES (459, '2024-11-03 15:58:49', 28, 94, 73, 11);
INSERT INTO Record (IDRecord, ReadTime, Temperature, Humidity, Ppm, IDDevice) VALUES (460, '2024-11-03 15:58:49', 89, 31, 98, 14);
INSERT INTO Record (IDRecord, ReadTime, Temperature, Humidity, Ppm, IDDevice) VALUES (461, '2024-11-03 15:58:49', 60, 77, 2, 2);
INSERT INTO Record (IDRecord, ReadTime, Temperature, Humidity, Ppm, IDDevice) VALUES (462, '2024-11-03 15:58:49', 58, 85, 91, 6);
INSERT INTO Record (IDRecord, ReadTime, Temperature, Humidity, Ppm, IDDevice) VALUES (463, '2024-11-03 15:58:49', 27, 52, 9, 7);
INSERT INTO Record (IDRecord, ReadTime, Temperature, Humidity, Ppm, IDDevice) VALUES (464, '2024-11-03 15:58:49', 12, 88, 21, 11);
INSERT INTO Record (IDRecord, ReadTime, Temperature, Humidity, Ppm, IDDevice) VALUES (465, '2024-11-03 15:58:49', 56, 41, 23, 6);
INSERT INTO Record (IDRecord, ReadTime, Temperature, Humidity, Ppm, IDDevice) VALUES (466, '2024-11-03 15:58:49', 20, 63, 70, 6);
INSERT INTO Record (IDRecord, ReadTime, Temperature, Humidity, Ppm, IDDevice) VALUES (467, '2024-11-03 15:58:49', 59, 35, 52, 9);
INSERT INTO Record (IDRecord, ReadTime, Temperature, Humidity, Ppm, IDDevice) VALUES (468, '2024-11-03 15:58:49', 38, 91, 68, 4);
INSERT INTO Record (IDRecord, ReadTime, Temperature, Humidity, Ppm, IDDevice) VALUES (469, '2024-11-03 15:58:49', 25, 2, 42, 7);
INSERT INTO Record (IDRecord, ReadTime, Temperature, Humidity, Ppm, IDDevice) VALUES (470, '2024-11-03 15:58:49', 30, 84, 20, 11);
INSERT INTO Record (IDRecord, ReadTime, Temperature, Humidity, Ppm, IDDevice) VALUES (471, '2024-11-03 15:58:49', 5, 90, 91, 5);
INSERT INTO Record (IDRecord, ReadTime, Temperature, Humidity, Ppm, IDDevice) VALUES (472, '2024-11-03 15:58:49', 84, 57, 32, 1);
INSERT INTO Record (IDRecord, ReadTime, Temperature, Humidity, Ppm, IDDevice) VALUES (473, '2024-11-03 15:58:49', 76, 73, 63, 15);
INSERT INTO Record (IDRecord, ReadTime, Temperature, Humidity, Ppm, IDDevice) VALUES (474, '2024-11-03 15:58:49', 52, 19, 95, 1);
INSERT INTO Record (IDRecord, ReadTime, Temperature, Humidity, Ppm, IDDevice) VALUES (475, '2024-11-03 15:58:49', 22, 62, 63, 13);
INSERT INTO Record (IDRecord, ReadTime, Temperature, Humidity, Ppm, IDDevice) VALUES (476, '2024-11-03 15:58:49', 59, 50, 69, 2);
INSERT INTO Record (IDRecord, ReadTime, Temperature, Humidity, Ppm, IDDevice) VALUES (477, '2024-11-03 15:58:49', 2, 54, 77, 8);
INSERT INTO Record (IDRecord, ReadTime, Temperature, Humidity, Ppm, IDDevice) VALUES (478, '2024-11-03 15:58:49', 36, 8, 92, 1);
INSERT INTO Record (IDRecord, ReadTime, Temperature, Humidity, Ppm, IDDevice) VALUES (479, '2024-11-03 15:58:49', 79, 99, 10, 9);
INSERT INTO Record (IDRecord, ReadTime, Temperature, Humidity, Ppm, IDDevice) VALUES (480, '2024-11-03 15:58:49', 56, 96, 24, 2);
INSERT INTO Record (IDRecord, ReadTime, Temperature, Humidity, Ppm, IDDevice) VALUES (481, '2024-11-03 15:58:49', 33, 40, 38, 6);
INSERT INTO Record (IDRecord, ReadTime, Temperature, Humidity, Ppm, IDDevice) VALUES (482, '2024-11-03 15:58:49', 51, 73, 48, 11);
INSERT INTO Record (IDRecord, ReadTime, Temperature, Humidity, Ppm, IDDevice) VALUES (483, '2024-11-03 15:58:49', 52, 6, 47, 12);
INSERT INTO Record (IDRecord, ReadTime, Temperature, Humidity, Ppm, IDDevice) VALUES (484, '2024-11-03 15:58:49', 13, 96, 67, 12);
INSERT INTO Record (IDRecord, ReadTime, Temperature, Humidity, Ppm, IDDevice) VALUES (485, '2024-11-03 15:58:49', 37, 38, 47, 3);
INSERT INTO Record (IDRecord, ReadTime, Temperature, Humidity, Ppm, IDDevice) VALUES (486, '2024-11-03 15:58:49', 37, 1, 0, 12);
INSERT INTO Record (IDRecord, ReadTime, Temperature, Humidity, Ppm, IDDevice) VALUES (487, '2024-11-03 15:58:49', 51, 17, 25, 11);
INSERT INTO Record (IDRecord, ReadTime, Temperature, Humidity, Ppm, IDDevice) VALUES (488, '2024-11-03 15:58:49', 77, 34, 10, 12);
INSERT INTO Record (IDRecord, ReadTime, Temperature, Humidity, Ppm, IDDevice) VALUES (489, '2024-11-03 15:58:49', 84, 11, 56, 3);
INSERT INTO Record (IDRecord, ReadTime, Temperature, Humidity, Ppm, IDDevice) VALUES (490, '2024-11-03 15:58:49', 12, 55, 49, 10);
INSERT INTO Record (IDRecord, ReadTime, Temperature, Humidity, Ppm, IDDevice) VALUES (491, '2024-11-03 15:58:49', 17, 84, 20, 12);
INSERT INTO Record (IDRecord, ReadTime, Temperature, Humidity, Ppm, IDDevice) VALUES (492, '2024-11-03 15:58:49', 66, 60, 15, 13);
INSERT INTO Record (IDRecord, ReadTime, Temperature, Humidity, Ppm, IDDevice) VALUES (493, '2024-11-03 15:58:49', 34, 18, 95, 14);
INSERT INTO Record (IDRecord, ReadTime, Temperature, Humidity, Ppm, IDDevice) VALUES (494, '2024-11-03 15:58:49', 64, 82, 24, 6);
INSERT INTO Record (IDRecord, ReadTime, Temperature, Humidity, Ppm, IDDevice) VALUES (495, '2024-11-03 15:58:49', 87, 76, 70, 1);
INSERT INTO Record (IDRecord, ReadTime, Temperature, Humidity, Ppm, IDDevice) VALUES (496, '2024-11-03 15:58:49', 70, 35, 18, 5);
INSERT INTO Record (IDRecord, ReadTime, Temperature, Humidity, Ppm, IDDevice) VALUES (497, '2024-11-03 15:58:49', 76, 41, 97, 8);
INSERT INTO Record (IDRecord, ReadTime, Temperature, Humidity, Ppm, IDDevice) VALUES (498, '2024-11-03 15:58:49', 11, 69, 6, 12);
INSERT INTO Record (IDRecord, ReadTime, Temperature, Humidity, Ppm, IDDevice) VALUES (499, '2024-11-03 15:58:49', 82, 7, 30, 14);
INSERT INTO Record (IDRecord, ReadTime, Temperature, Humidity, Ppm, IDDevice) VALUES (500, '2024-11-03 15:58:49', 36, 11, 57, 11);
